id,predict
3b46f6ebe56ab934da921e184915c03b.jpg,
9f76ca6c0ef7b1190ea35e61755e00ef.jpg,
56ed4b7fcd81e9eaed5124ad06360b2f.jpg,
1415f3f052d1ec4d6d2d37f8e0e5984c.jpg,
85f426446bb6c35ccf51609daa25d1b3.jpg,
3a4e7ff978eeeeb03003dbdbeea94b0b.jpg,
2189dfdc911aa2840181d51a73a554fc.jpg,
0aed28aa4adbbb45eda57a1654605162.jpg,
8d5c489b8ef64da5781607cbf4076615.jpg,
9e370835fe9b08bc626203c333bdb81f.jpg,
8018790439ade243d57ae2ce0d174c2f.jpg,
6d37387e287b0f1b8fbaa68ff65db55f.jpg,
0b6eb5f26834f2f83fbf516bacc9bf5d.jpg,
2b7436fdf395ed6416839958592e5779.jpg,
7c261074231793289b16566ddb151e7c.jpg,
7a27b3b819de15c19789b0b5332eb157.jpg,
3f7ca644cedb994b0cc60ccd21a12a24.jpg,
17b1b2b8d2e5bbcf2abd38b7eecb3731.jpg,
2f764bd376d3209572af16f49c90a1ed.jpg,
9f9bbd7bfda9451fbaa62ca107009eeb.jpg,
9d4f4cfb5426f991a2c308901c24a439.jpg,
2bf9eeb48eb60e24f9b913e849fb3037.jpg,
1c0c8a041490727627bf83abbbde4318.jpg,
1ffbbc264860ee5402d914b30cfd0fc8.jpg,
8c4f0fb28d548daef68f4badf72eb36a.jpg,
5fa3a9282cd85c7cf597c99c0ffb4236.jpg,
165f00d42b0967c46d58ceb72a52f823.jpg,
5aba550729f76b2ffe6476c58c38c908.jpg,
39fbfaaeda2215578eda7a3fe1923ac5.jpg,
6b90978be5050e9f87b873a8b3af6b66.jpg,
1e333887f82cf1511f5e66bf821b9e27.jpg,
5dde69cf243ee00c9cdaa30d90eb5fcd.jpg,
9e234caee30e910d06326577bad51364.jpg,
9cea9530d502ba300fb5dc87b0b75ae5.jpg,
2a3eda737edb89e258e93794d5b1395e.jpg,
27d9d0c56a171da861d774aab0542efa.jpg,
5cc281e84e32d211d8ce71bb9ffc6eef.jpg,
0062e841d1e7059da8f147532cf900a7.jpg,
7899a0d525357bcb7a0656de1e6e08fd.jpg,
1465e21901f0ccdb9aaee4d19633df2c.jpg,
586fa2dd930cace119472c6d00dbf961.jpg,
9bb9b40ae9b0194e7b99c758b6bf1b65.jpg,
762f65b5d21f3be6fcea2c84b647380d.jpg,
67b2540a75c7552c3da7420637da959d.jpg,
0566d1147e03972a6d2936f892796a4f.jpg,
137f2153136f4e6ca8d1e6b8f43b771e.jpg,
2cd1bcce7019711ac5df5bb93c2231a1.jpg,
9120c32beaee4ef79902368c93b1cd6a.jpg,
2b48f7a0919c151da148380e9329d76a.jpg,
9f3b74de780092027d76691b88d56378.jpg,
55658b86ba2ed14e776c643cef008e61.jpg,
8e5358d0544909a17a8648526b086ffc.jpg,
42fa8e7dda35f426da9a7c3ecbd2e098.jpg,
35b42fd0738454c40a6f1f48e581ebf0.jpg,
0d9d8eb66f9c10a55fae6a826dc40fdd.jpg,
9f140d9de403b1be686b9489e07ed7ba.jpg,
2a6fba5c54185803c93e9561c34f7374.jpg,
1581ac67073c22a1cb2b00a02dfa4522.jpg,
336396b1e19fe1a682a167ef7f323d9a.jpg,
8bea083ccb7602aa46de81e690107714.jpg,
3d74cff1822ef9ce71bf73aeda79ad6b.jpg,
023d054e8e311c8ff511440ff6f47550.jpg,
43c0d9ea751d23c0c8cd767b102f1d3d.jpg,
12a88974e12c1888ad49c8228ab7edb6.jpg,
58e87d234993c72bd358e2e0cd1379db.jpg,
0e57aa4a0a1d0a03a126d166ebf5e42a.jpg,
04a38a0be1fc256778d5f22ac0584d9a.jpg,
ad5d995d1eae8022e76d2e06b37e2abf.jpg,
0a6df1eabd10cc743b95adca4028612d.jpg,
9ba0233bd2f93d1232cd5d477aa49185.jpg,
8d34f4f1e04f786840aeec1516cd45e3.jpg,
8f997e415cae60e79f5ea282a08987fe.jpg,
4de230846d9f851d111de4a65a1e0388.jpg,
35811bb5ec083d5a2ab136e01ab9063d.jpg,
55b10db988184a56dc3f835d2db0ffb1.jpg,
3e031d4aae165e45412f66d4df2c848e.jpg,
1862cd327ffb60b3d8d1ffccfea14e5b.jpg,
1ef891a23163b217a3abf03574c88074.jpg,
2b12b01ed3da176375a4d47b6b123ca4.jpg,
1d7f49b35acb01dfd0c1a594c9d2dc99.jpg,
102fcea41a3b10ba694e1b6f23569fd3.jpg,
a7607057a3080a83b648917c5a9dcd31.jpg,
3870807043671597310db9e076dcf77d.jpg,
52ad41e2186c1c0f266ff2c0e36012bc.jpg,
37fc2edc189b937dbe08d67fa2caa0a4.jpg,
898e236ee8ece58689d306531c74df64.jpg,
4afa2c745ad0daadf4724c4a653f3c9a.jpg,
8cb4befd4ff7b6a568cc697d1874800f.jpg,
1b06bbe086e8959f4dbfedf3cf9ce1f7.jpg,
0c08aefe103ab9e76330dfb0d1309eee.jpg,
6510aa88c24f624991cd64d88a5c4d23.jpg,
15ef19bea8679e5cd0bf888081598ac2.jpg,
83fb6942698b9036336af35eb30a2a98.jpg,
30d953a6048f1e68a2251609bdafab16.jpg,
8b1e1d97b7d0fc46af6fd8b544fefb74.jpg,
5cedac3d7a4fe8f90fa8b97de2eaea00.jpg,
42ce6d48ac2d77a747e312ed80c02383.jpg,
6a9bbd7b8d966954cb23ff50a594bd24.jpg,
27dad0ed96ee4ffea5264ee43f6f48d8.jpg,
2a47eed14c7a76ca7b671d3a42491f65.jpg,
0c5fc9d0d82026eb3e26d21c1b6e04c5.jpg,
9664e8900e3270ec356182c94f55999e.jpg,
5e7d06655eb80e90e810094f534f5671.jpg,
6d06c10fda66013b52868f60a2b32265.jpg,
97665567fe4acda0f4d13d87f00ba4e2.jpg,
5eac0803699bb8aacfa5540095f91ce3.jpg,
8c790cad9b4f170bf012796f3f17f1dd.jpg,
02a83a7db66eeab197ae8fc9373f2fee.jpg,
57b81ab3aefb8bc86865a90c4fb40056.jpg,
79c855050fa87752a4edef3277fc343e.jpg,
3471e946cb1406a82677e803f53452d0.jpg,
973c53d4b7192915c7205d07e514fb6a.jpg,
32cc9cf5b6756b1ab72982157d933b5b.jpg,
1ba51e23a3d74994ae2d84a6c8f2770f.jpg,
9fae1e855358716d529f3ae34447986e.jpg,
8353a016b7c38b9de2d91484c59ddb4d.jpg,
05d90fa613342f2c38b0dbca09734aab.jpg,
7ea03de0c24aba82e8715106de9af352.jpg,
1e6ca5627bdff7d05ec4d4be75b2997c.jpg,
89c95998ff1ed0c219468af24c72a807.jpg,
5e25a3e0448acddc074bc520bbe33bde.jpg,
2881ede21c26ed0e51bb80a7b8ce9a57.jpg,
886f7b6ff9da56dbabed4a5776524d1f.jpg,
3fd529d0ffa9b45c1e2ea9c0755a4fd5.jpg,
9c6bd4385db647c04609424262041070.jpg,
66d19b78b30ab5e8df68323f1acec724.jpg,
02c97363fd5d205cc7456c83f8530b74.jpg,
1cd83cde5d982eb444c777f851533544.jpg,
7e9f8b92576f7891ccaa654a47b4fe6e.jpg,
5eef613c16f9ee049f3371f36d90ac95.jpg,
904ddca9911e7c011e26da615b219dfb.jpg,
35dd204c1d874ae3aa8cc1bcdbb11922.jpg,
995ae8c42ecd5796bc8c9967cd37f981.jpg,
1bc10c1149fcd46aec7e9a2e51907420.jpg,
89e8b5310d22ad7efc94f1dc70dc3f18.jpg,
6265ac3bd7e47fc86696b4da913485f0.jpg,
98a985ef99393289ae747257af88676b.jpg,
1f8d65bfb31020eb9683905c9cf736bb.jpg,
9c8ef61df111540a3ec552638606e395.jpg,
5f2a30cd18aa9bc1b1cac5f21aee321e.jpg,
8022aa94a16d406722ba8b0d66a814fb.jpg,
0cc7b2699a6d310a8990196253e00ef0.jpg,
395ce8869ebd98e5e54c1be2f852eb2d.jpg,
2fa43c899a32af3363a4a53c7aabe921.jpg,
6c74be294876c5416f22b9521ffeef44.jpg,
9f23038f210d464fd08055563c9819ed.jpg,
b75707915a67804b88cde5bf22ce5bb5.jpg,
9abece14da41c269939cb60d204a2544.jpg,
024d2d8792ccd96153f758e6fae798d0.jpg,
34faa70a0707a23c6569268f12712f9a.jpg,
60f50021671ec73733fd5ab1d28e12fc.jpg,
6af9ce030ac89a523a2e4af1e3b3ee72.jpg,
1dd6e29b13cae68c8fbf2fe61291e50e.jpg,
373194715ed36cbea79748e76f1067fb.jpg,
4c39f3cf2e7323233fa6af956096827b.jpg,
8c2041407adb03f3764d0a4b13513ead.jpg,
5a12a32562337d44586f2b425874fe42.jpg,
1ade2da970d96706f115a944e6efdccf.jpg,
3c540aade705788ef37eeeb17455adad.jpg,
30dddcc650bb649fb60e07afd6b992db.jpg,
5ac8971108b31df295bbf96e3247783e.jpg,
7be64e775a8cff441e1c386877e12aa7.jpg,
5b35eb5d110e1c53f0b1233e93f8ac00.jpg,
37d43e29058c48b14e7475de4371012a.jpg,
9b2de3aa10e4620e43c1f3ab12e555be.jpg,
0f0ef9c6482fe967f912c1428ab58f03.jpg,
60c334ebb86e995b97bb7e5eebf09f19.jpg,
8ca68d0c2b79571aec2c851c7def54a0.jpg,
6614c4e62c45c49a8a173f428bbd0e89.jpg,
a94a0cf0c897b1b88682f637d6743e1f.jpg,
63debad55244c86df9400e05ea29b3f5.jpg,
894b5030b4e71717d63c64ccfbbc071e.jpg,
72b23831a405eaef7973fd52def269c8.jpg,
2a66377bf8f5e004f64679cad5be4312.jpg,
0f179eb87271283042e86a4547464ad3.jpg,
9a3c15e3e543a3163da3042561ca0cd6.jpg,
9a5acd78cb555c6ab0a2697ddde9cac3.jpg,
0a99ff446a0afe98c6c6d2fe0434709d.jpg,
6f86292d5449b6f1ebf13bdad9df1ca2.jpg,
22b95c44649fbeb8fd7b9671523d6525.jpg,
2b694d40718d28b6aca5b6a5c9a48e56.jpg,
36abdaaa97323a023a7f2676fa50bacd.jpg,
87261a7d8f214620bf05fd12ffe20aed.jpg,
491aa71353818e5511f147d698ada418.jpg,
418f9f37d79e4fed4d2040fcb51ec4e0.jpg,
67ac7f750b52687ab818121182b1dd82.jpg,
3d5173119f4263309cf6f77f5e389f84.jpg,
bc31e4406354e62d428b9033b289053a.jpg,
8addae49f090e4f54e66bfd0d87ff5c8.jpg,
5abec2f50d0b6ad4ce6b869721cb4ced.jpg,
6dc872ea36a7d55cc089e259326d26a3.jpg,
0b0059a28204d3b487ee791ecc150656.jpg,
5a382af49d1722809a94799fd5c11a5e.jpg,
5a02a8fdf0e80dda97740202a7f578d2.jpg,
6bebf08e8d00961fcd55098dd41a3855.jpg,
6e47a278abd02d909c231d0f304b1ec2.jpg,
12d9ad308852dbd83c112fc1cdda778c.jpg,
83bedc71058cb5e9b3f1e93dfdfe80f3.jpg,
7c7e2da2f324f18f2a74a567cb5dda2f.jpg,
5b154beab6286b80011239a99dc72600.jpg,
4b7c9b64fc2c5952d390cda31edffaff.jpg,
0d3979d6d6abd0e904d27ff63af0ab9d.jpg,
9e501dddef5e4b5a188b9f592e8de26d.jpg,
41abbe34dff45d07c71a96c9eeecc9f0.jpg,
5f2ec0ad1e26127cfe64eb032b9fe9ce.jpg,
6a71aa7bd10f6666c8decb497f7e8130.jpg,
9fb5d2599b97cdcce72c74fcbe2214d2.jpg,
27095627e78c7eece53ed27fee2fe22e.jpg,
2f331320d36ca185c6f66d58281eb1b5.jpg,
8ec74b86dd913d155b7b10c0dc9e422b.jpg,
40a92c8c30462442e0020b951227e04b.jpg,
0dfd5e22c3f5a015bd05accdb21e8e22.jpg,
8fe706b55ddfe90b9da33e3e593c3e91.jpg,
31053d1a98b4ff6913638a93879f9692.jpg,
64bd8d92d7601cfa325202f242e737db.jpg,
59adbca0c5ed65e1a4019f600e5a4db2.jpg,
71ff5360f73da803b34fca218f5b0690.jpg,
3c374aea0b764be3aa22b2e529f1cabb.jpg,
033ca72071c5813575ab6e8837638bfc.jpg,
4e331847fd6de3be3836e9018088ffad.jpg,
ac55c69f19bc0e8785448b0b2e8d3c1a.jpg,
9b97dd1d6cf0661f16dc0e9bd34dba9c.jpg,
779b1025c75e50f1a34b543f06681dd5.jpg,
37eac521c814e693953f98545b9fde63.jpg,
7f0457af9e5228f22df9b3e18bc9a432.jpg,
0c61d8b52cf07c3ef2294a3b5f95f8dd.jpg,
5dfbf0b2a883152820cd0b283c0497f3.jpg,
1bf45f2032ea981eb14a6224b27d7ccf.jpg,
99f481bbd76165684d78765238a850bb.jpg,
3bfc2188d54d0ce21585ed9623681e45.jpg,
7c2db6373d85bff405fd4bddc7a49af0.jpg,
0fa5a13b780fef788250df6ec1b39040.jpg,
5da6e0eb91e5e07243047b6555c76acd.jpg,
4a8374171866afe903281a5e290e0ffe.jpg,
0bd828876dc51a1527059b0bc927fe4b.jpg,
78c553acef81db7330194b6ea2634170.jpg,
6c07eb763a4d63eb085cba8af84c5908.jpg,
051efec07478881cbbc79d76c7a17f5f.jpg,
03b2ed0ea327abae69f3ea9cedc65c3a.jpg,
6a670944fd5493904ebea8935910f35e.jpg,
97d7744a3ba05cf531fba233b400efca.jpg,
3f51f0aeed62f5db034b45bbc3cb1233.jpg,
5e6d4b7a7053f9a8a7a82660ae0e8dcf.jpg,
6af618be134c0c8a4036b8f65cb75c2c.jpg,
48ccc54d92182842038729911fff1325.jpg,
6f958b85d83beb1eb3c8466e701c15af.jpg,
200e8bb913efbd42213d2087efac01cb.jpg,
1db0d77af40fee1d12ea4447fdd6478b.jpg,
20dcd49b6063a9129a076d4e5f0f7845.jpg,
8e1e252c270952cd5d8f8bc3406d9b17.jpg,
80b567539dca53ac64c331e324e5db17.jpg,
3707e937f5fa8d33cbd8349e115aa652.jpg,
914b6a2c80fda01c4600b668fd736dc0.jpg,
11a12667e20c735a83b0f20105890df4.jpg,
36a90a27a8b487340af04cef012925b3.jpg,
7e83a83eeb213e72cf56dfbc40d28c51.jpg,
0659ff78eccfeae390d0f9cc7aa1a45c.jpg,
10e2d043050a109355566e448a97173f.jpg,
4efad7efc1928aeeedf99cc5cacec3db.jpg,
1bdd0a6c97ba01036b124fd0ccd9aa29.jpg,
8d40d83da087921560da43c9c80b7a15.jpg,
5a81a37b8f18122baeadefdeec72f6f5.jpg,
28b3e0b82be8be359df3f23b74af7a6e.jpg,
05f827ead9803ee808f4236aa0ee8acc.jpg,
9f46fe9dc89bc90cf441f1a807785876.jpg,
09bb5e84de87b8624a9b8fa0e91668a7.jpg,
64b41573dbc0354049df893b9fccdad0.jpg,
5a3342ff4ce9603f10d8bd0378ca904f.jpg,
9e7900a741e906062cb9ff814ce67e96.jpg,
91a1aea3a17068f982532a91dc879d4f.jpg,
15c4deeead51c1f1e7500e48ba588b1b.jpg,
63b2101809267d30b3ed7e63db140bc7.jpg,
9f8566d8569e6f961051ae682b5ef70b.jpg,
4c18cd5ba2dade73504600be25e1b131.jpg,
8b318b491a5039d0d53adf10c1d88e45.jpg,
3ef394192c7cc88d25f1efa5e6b54496.jpg,
247b696738a175d8121beec1169cc1b4.jpg,
47b2a5038a415b3dc76352fa8f6c71e9.jpg,
74ffa4680ca29163cee2d6551b22c83b.jpg,
57be3ff6e9621400534b9f1a5365cd0a.jpg,
6e685c68434f83dc2056ac5a6eac9034.jpg,
51a26cc1fe2906f9f20e73b5a4682b9f.jpg,
39c9fe7558613f578a0fd70264d1d118.jpg,
061dcf83f72da46e2e12200c6652e9f6.jpg,
3caef08feb7eea73e545e87d3c8f9208.jpg,
44c358b0d8f3e81d56e4044232f7ffdc.jpg,
848ee47d3d1c372f0fdac5ddcd556614.jpg,
4b9ee8bf3d257348e71769add257b173.jpg,
97be3b75e0611459da0fa9739d896014.jpg,
20e3498138700e1aede0e501a3cf124d.jpg,
6a71b1fe0d1a453bccd6094990bfe7d3.jpg,
c22d68af4199f37638a4f5424a75b6dc.jpg,
8cc9f6aeb3f014ed75988fef9c72bd56.jpg,
1bca13ff13ba7ca9a8677901d6ff1948.jpg,
772dc135bc613cf06742cb0559a89450.jpg,
63af640e7a4b0db07e43f3707e2fbe3f.jpg,
57dcedcb941f90cd73634580614fc07f.jpg,
53d4292c68cef09286b5f8d8c053e72c.jpg,
2f380f38e469bf57ba986c8a915a821a.jpg,
2466aa31ffa2d46957af00710a62b64a.jpg,
68cfd3a1def84997b4ef076da61563a9.jpg,
02ef24351769ee1c899159b53a69a081.jpg,
2cc0e4983778bb52d5dbc5119100b596.jpg,
27c66b825b6a28ff26c7369aa23d7d09.jpg,
7ee22a6cc1b7525f13432b8d37544bbd.jpg,
62a2a2daed8b6b8f336ea6391133bbe5.jpg,
5de88071aea06428816bed890a4abb3a.jpg,
7b170772a9d845c880dcc7d15df97067.jpg,
4b4b7b4eeb16fab687d36c4ee9299b62.jpg,
63e4f947184ebaad7af906496e972d55.jpg,
9c40f83bca825fc226064da35755f57b.jpg,
8a1555a4297f623b4fff953b03756b9d.jpg,
3b3860ed48dc110306e0fae2b5f1de1e.jpg,
07aff11b28af60bc0176ec95e2ef7520.jpg,
672940f18723ae17fa450c2d3faad348.jpg,
1d0a81b6cde50b9590f97c372d8943e5.jpg,
66d1992bcba8d263c045843d395b9b88.jpg,
2fc9e5cc9a409c0a7ff9ff7fad0691cd.jpg,
0f4a2838499c8e51b68f8ca78b7e8249.jpg,
76c49c92d7fe5bb1ece219a1f54ee704.jpg,
058fdd0a5dcad3d65dd368b114a93393.jpg,
9eedd5dbd683152c4eb73f5826f46ab9.jpg,
1f8d71781a8ae9415f08e81464b94e81.jpg,
0f1a365a1466e3fd5b86490c380d21f7.jpg,
74f36af42419e4708e7331805075ea3f.jpg,
2f2fff39ca4fedb1ed85c50a3486f8f1.jpg,
27a1a3a9cbeb97a2f662d5c7dcd3de64.jpg,
9232ff7da029a6321b525ab9e4ece714.jpg,
1b4079b3b20a064cb8ee57c3b629962b.jpg,
1e74bebbddf035e480836dd9ee5d04a7.jpg,
0b5af353df61a9ab4bd76431e4bb56d6.jpg,
9ce4f952f47dd659916aa5256bb7a217.jpg,
3a25b7629156b05617530f3178bae3ea.jpg,
7a902a94bcc4d7388779de53f7754a86.jpg,
957d57109f51ed5f0c993689ff75a2d1.jpg,
5f1c9617be7aa99b96bdde7717da4dbb.jpg,
7b3fb85ae711c2d65a7d3480818af93a.jpg,
80bf07d916b63efc13bab948acff5f3c.jpg,
01702fcf0e5606cc388f82b0b5f10580.jpg,
99f5d66e6a156de6045248727496dc1f.jpg,
69f4e79332e8dd6560c7977af5a0134b.jpg,
6e7483d6c2a2a92bd2ae958660f5df90.jpg,
46a6d518a1a7ff99b5c14045be5d5a81.jpg,
3250b4451c7c88cd1f5703ffbee2c6b9.jpg,
198ce495976ad88d6e74af1963a6cfab.jpg,
41abe3e78bb0139f85994e72ac119a9c.jpg,
8f5f9eeb1f0f9374bf37da3a0aa853c2.jpg,
2198bf4d9e18b1a1651dad70910076d6.jpg,
a825aad72fa65b5a6a6793f90914ce2c.jpg,
6fca030bca70d134bb709417550c7d81.jpg,
4beb54515ac2b89445cf3d032bc5f64f.jpg,
521698586cae0dd93584edf0acb4b8b2.jpg,
4b30136806f1f183d8725723b7a3e8ad.jpg,
0e5ad5c8da4930237d070f8656a0c1ac.jpg,
70e70b70597eb3430c402486b55f457b.jpg,
b2a1f4218e0e4fbfead3be92a2861c54.jpg,
99f947d8b75fe21e5e6a438f504d0f4d.jpg,
15b18f47a8527af647394b2028d320a6.jpg,
94b214de61ae177ed25843388238e655.jpg,
4c6d531b98e72a6a7b4bfe40296a538f.jpg,
677e5928cd7461907551dd01ac5b34a0.jpg,
3bc0e655d64dbd27021f1b3afd6ba9bc.jpg,
56dea6b8833cb2022ef44b73bb0b830b.jpg,
7ff4b9e21c04e8b4ae63af266964f93c.jpg,
5c2f6483ed6d2527d363b271bf7050a5.jpg,
1a1136b9230139e73d2d3e8e764ee959.jpg,
5a742af3c501ee827c5c6a086da4854b.jpg,
5b3e12d693ab3c1ce74f6f366b19c2a3.jpg,
5c3958b77f81eea6c64ff69054a2158a.jpg,
2ffbdccb4f9a983dcc1a45712bd4919c.jpg,
6f6a50f8c12f0be96e5e3da64d17e8ed.jpg,
6b652a54f78d462c5243aa9619fe4fce.jpg,
8c2a62aab8d106aba60aa0e8b8857812.jpg,
30dd0199d5031a8c7c3d6f58777c9fcf.jpg,
b0e2b070dbd7426d6df838d866170af6.jpg,
35a5ad04c885c9d1f5b75714d2f780ad.jpg,
4b3c009a08896e5cea1b4430cc0bb0da.jpg,
2a397241489641d72e98f7b3a0414bc9.jpg,
23a0b6898d49a2ea7e85ddda6ac95977.jpg,
5eb048b1054fe288c71ed7fb3975fe41.jpg,
4c9a9f5e970b36554f0de4cc9a232ee1.jpg,
30662452b665c867b81b9233974346cb.jpg,
5f53588c4f74cee576bcb2e522d4ff73.jpg,
05e51a0e42d9278f9eea3876774ab314.jpg,
9a6084ad0a0f65c0231a8e961d856b6c.jpg,
883fa1dcc7de5e517adb7b6c1b28f21a.jpg,
22baaa0de705d5fe7ed9516174031ee0.jpg,
1ff027bd5aeb72298cdea0769c522aa7.jpg,
58f60ad9f3141f983672f4c32164a504.jpg,
81e8b177cff271db2ff581c19c6ddcfa.jpg,
4b0fb395be2a87ba58ef5c1defd209ee.jpg,
372e2252b8e8cf1f38d2048b48d2fe35.jpg,
6b797cdb751011d429d159f124aaee1f.jpg,
3a87aeac43f862385eed9f10d1958c7c.jpg,
42b98f90e5fd40ae1f3d2a813b3f3508.jpg,
58e1527b3a606414cd11724f584bb880.jpg,
026c49798324cc58923c0902b379791c.jpg,
5e62092ea1e1f326a29361e53e0e4305.jpg,
0a99b31852cd135e57b75f8db25b3d57.jpg,
8bf7df4f586a334e53007e58bfcd58bb.jpg,
0e39b75811e95821bc6ed4a58c588e91.jpg,
774412862d2043f7e0c8df3f57157752.jpg,
6b8db7c9dda3a8424c01e0f226b9703f.jpg,
4f967e7c7c19adca25e349294149a0ae.jpg,
64f7ab39477d4e2e99d45197e21f9687.jpg,
58e9df5acc0b77adc749b38a7829e467.jpg,
29cb9ef22da5bd26a1e3a5e6a287014c.jpg,
0b3fa2bb1e9e3a1e0733d997fddeac7c.jpg,
c43bc2ac2561bc818c5d794901c4aacc.jpg,
5a538e6867bae376ee8c13ff8864dbcc.jpg,
2cfaf3269ca854454418223391a14bbc.jpg,
4e971644b7e5eceb7b1b34c1d9461c43.jpg,
8a090b552cc6f9b12a74b79e1e0e2ffe.jpg,
2bd3358c267c54ea4b2a1590f91d2ece.jpg,
1884c32233818dbfb1d34d6d9759021d.jpg,
263eb9df51b6954a4d8ab608698cff71.jpg,
4dca4dfcfcb899f0a5528db3cd6acdd4.jpg,
39b62f1cb718005ac73bf224027a81e8.jpg,
b6e33d1a1a2a50a8538daf4db5257134.jpg,
71bf63780b4387201c814c528671b201.jpg,
6f68b675a145f6b0946660524c5123ce.jpg,
158b8a8a87788ab27b8b64292eaa5f01.jpg,
8f3ea971d942b8b067f984be0ac2dbfd.jpg,
49c111daa069844432d2d9c22ee6f232.jpg,
5daa80e89a422724b62a26672e379691.jpg,
0d038d2450ce40bd5040c7fc4a344499.jpg,
949e54923454d9592e7d4136c37c7bd6.jpg,
6f2a7f9d0669dfa5a850b12fcc2d4eed.jpg,
17db34512bbb98727d738b11e702863f.jpg,
23690f32be5536239cba2ed2e615bb1b.jpg,
2c15d30bf3c4d8c67b5d0f22a9e821da.jpg,
3331d6684d93e23648fa6bb47a14d6c6.jpg,
81e03bd0b5c21607baa0ab09cabbcb48.jpg,
7fb251ebf68e7eb2976dbb6bfe8987d2.jpg,
3d57f0d319106cbd337b784cd1841d2a.jpg,
abee82feb48e575010262432e83b179e.jpg,
03c2086abfda4c04b7413fb7353d450a.jpg,
3afd62e8082f2ec0dd944522ff80bd9f.jpg,
48bf9503391a492e68a868cb64f9da74.jpg,
63b1abcc6dd75bc7b36752f5ba9ead4f.jpg,
62b1b476149b350623bc30868477dbbd.jpg,
4e43e329d1bc8b085d0c45cdd556c87a.jpg,
a89d8b75df6b3dcf7e0c565171ca3dd6.jpg,
5b92a9df12244551b4753a7b5b38ab5f.jpg,
41c0c51df25ad451d9c5326c0e38ed3d.jpg,
2e0514bdcea7c9f3babaecbafa0f626c.jpg,
2c047ce8cf0f9e93607ac540ca9c4910.jpg,
07f3bb010cbba5b52b8d6a8088b3fb6b.jpg,
9d6ad50d9774f0eb5f483bcfcbf5a512.jpg,
8ea232add67b5897a2ed7bc93d0360e5.jpg,
0c4ca11902b0b55ffe4e54ff8764b950.jpg,
05fb20c656e55f6207a827d2ff9cdb12.jpg,
299a3268ad9b083553e36a558ed95601.jpg,
4a36fb585f9f5836f70eeb10859d0ed6.jpg,
070b72915feb65901b67a49f690c8e8f.jpg,
91baba2b53919eb3fab093f3b7b028b2.jpg,
2c3deefb7b1a4f59917e1d01096e6edb.jpg,
66d92335ef1fbffeb8393a45c36967d3.jpg,
1bb58f2df06f6ec8c141a5e7d199f8b5.jpg,
5cdea3e3cf76d4c2336ada551f1e111a.jpg,
79d2e886e66bd4a3dda4662095c9b3be.jpg,
86b571148c37bce5e66debc95463a4bd.jpg,
10b494556d91474088598464a2859673.jpg,
9ca010b28a9e699250d03550f46752de.jpg,
62f7df1cda7e56c2a335a236507401db.jpg,
5cf072b55edfea224029269f8a46bcb4.jpg,
3fe6bb60af6b1cf6c29ed851abbfa564.jpg,
907ade31026425ae410251c90e3f393a.jpg,
3601b823cb36251b9178e95d3476b877.jpg,
c07d7d544dcf666332c32621458cc145.jpg,
0d543e3f45ed5e374fb3718805133b8d.jpg,
69d935d741a51e0399e41b932b11c205.jpg,
2d92227d37addff2fe6fd390d8ae782d.jpg,
8b1cf9d4dd7f35578e83aec13bd812c6.jpg,
60329cfc3310e2ff0517c0c5f5586aa3.jpg,
3fda995e04aebdc1ea246175680b09b1.jpg,
62d20677b6f370a8ffab08625d9a4dd4.jpg,
5360b068dfa77b44d918f4a4c5351e55.jpg,
2f8ad765d226fadc9c97b5a9bdd6db69.jpg,
67f74eb2f605c10e45636e396b3b30c3.jpg,
08b1f5a7efb38cbed2458901b6416648.jpg,
2d4caf54c21a59ca8d84a12bf1211067.jpg,
52ba896ac9d00e3ff97a7e89738b591d.jpg,
6ea14d754e72a023e15187b8a29f53b0.jpg,
37ddbfd6e0b6970e85a314c9b772747b.jpg,
966ebb4e364c9876b10bc2575723e049.jpg,
188f4c2fcf4a0d5faefed2ec059783cd.jpg,
33bb8d8e1251d22e2326f84777ddadda.jpg,
8beef351ac44135c291794b43bf084bf.jpg,
1a46bb6c1af19e2b74be041cbb23efb9.jpg,
2c1e5be4d6cdff985884f52a24a6aee0.jpg,
98dcde9a4557d921a2a0f005fa4e919a.jpg,
4ae1fb4de27ed6b269aeec965df16879.jpg,
60e470d55490513428b1b334f3eceb0a.jpg,
1af1352499340abfe445de53959ede00.jpg,
54c98f8b8b5c3e0d61ca315ce70c49cc.jpg,
1e170d6e1322420be45532e7d50c985b.jpg,
6ff619bb7325071eb01e969056b132b7.jpg,
938dba4d1545c7fa7a5251482108df14.jpg,
b5bfde48a7154e83d69fda2ad46a0f44.jpg,
6b86936d32334ce461d798313eec1cdc.jpg,
7cd2e4303e281bfef03d43336a78af67.jpg,
4bd61ae4747efe80ab799c58d03a3d82.jpg,
3a5492d8971e04d9462e475598e86f33.jpg,
92a59cc1ca62ba3ea706d3f67953fed2.jpg,
28bb1bfce263e263f62ea7f7d7d3af4a.jpg,
96c5774ec647e6c254a24e8ab58e9697.jpg,
1c9316047c7f7519199284268c821471.jpg,
7e8744310cb289fc9937eec4dc7f1be2.jpg,
3e7b6f27d9e271ade61b6a7beab12f52.jpg,
3541d8d8a043a729cf5a4713125163ba.jpg,
0df955d5a43670bb9f952ccca3352e4f.jpg,
174e67d6e9eeb58d1cf83d2f70903c6c.jpg,
6b8696150e3c4c5fb5f5135e7f92a968.jpg,
87cbffcb2a15e27f63cfdffae52f8907.jpg,
86c7e1097fa02afeecb46b5d93ae1a27.jpg,
4c9597ab7204a68fcbd6dd7f33743b8a.jpg,
65b52b71d361ce2543a454c67dabcc29.jpg,
69e66637b25baf63ae2608e456def300.jpg,
8fa97125d6b40171d9f274df5abbf98d.jpg,
84b6f7335344749521ab596f78c9b91e.jpg,
58381c39710fdc0203fe6d69df55566b.jpg,
071b9f06ae008142bfe8d41efbe40214.jpg,
07fcb6a5e136450dbd40611b6f700bc0.jpg,
73a00b65c66bef321e2db507472e6bd9.jpg,
61dc26949121ba43e304eab62c3e92db.jpg,
7c203401c30075b85d1c93ef1cc8003b.jpg,
3662a9cdb8b12ea3e9319f6879132635.jpg,
9e37e86dddbf288a4b3d81c5e1209ea1.jpg,
0a53ac39e96938661b90b7e32f6acda1.jpg,
228ce6e06a18719dd72bd81a5a7e2037.jpg,
85c3034f75b618c4c4453f48819b85de.jpg,
4ff75b6884c1703255275e6b65943b2c.jpg,
120ef9c7f6d029c9ba3f81e73ea46c5c.jpg,
0e8d2b958c5400b5e278664e700c3adc.jpg,
0f5c4ba13eda7ff938f5f800cc66af28.jpg,
5b20cba795a9962280c9b82745bd4e8c.jpg,
62e5ffd0a6df4c66b120cc4be8eb123f.jpg,
4a24e141095a05b8e979042aa557f736.jpg,
14dadc665200bc6567c401516f54ae44.jpg,
93e411c57b850e862925c6a96cd11318.jpg,
9e4134151d8e71b68761ee0c4d96c832.jpg,
2d36a748fd9abbcec9a940d88d187765.jpg,
3f37383bbb120f6d668f00b6fe0b87bc.jpg,
3bb8ba373b9e92a0754b4d8e247a0b51.jpg,
18fe3b135be993cf3dc65ee790b05692.jpg,
6be615ec36ad1dfc841ede67fed80272.jpg,
0fff3d95102a952279074aae886f7e88.jpg,
48b243c6812fc1e9fe68e1c6df2da3ac.jpg,
03934c5fbb8cbe773db2b70499ea662e.jpg,
4e80695ac171181fcdd9f43fbff3d1e3.jpg,
21a568d6e212566585980dd660a87aad.jpg,
58b7d8b3351be5b3a77472ccdb509843.jpg,
4de2c0105e8d0644fc9998dab740c3c9.jpg,
0c0aefee711e3db9a4b2ebb62f58931e.jpg,
30f25fa2fde7b19f2b476200eff27a84.jpg,
9a95109127e6577ed79f05e51e76210d.jpg,
5acbaa3e3c0f4631d62c82b87d9af9c3.jpg,
9f9484af9ec55004b50ef2689b1ab3de.jpg,
64a8d17274f969c7fd996e73f1cc79fa.jpg,
384e8e155b252253aeaa720d6615d0f4.jpg,
28cb125c3a08acbd8d5e0f95154e1f64.jpg,
9a3b5e7edd048e5cf44aa83630a1888b.jpg,
2cc1ea9a55aa393f4a0b7501099315aa.jpg,
41ad7ec613fe43342488be9bab9d3502.jpg,
1bd2944cf71f1afc7e9c04c273d124b4.jpg,
7eb887bb0b2e34ea0c92244635ad52ab.jpg,
22ac3987026011dc716eb6b56e1845b3.jpg,
2d79dbdba3553369a44c2f0c77460cfd.jpg,
17d517971dcd4e83e56a88b26557018d.jpg,
1d44e4785d311e111fc821ab1bcdd688.jpg,
3ef81f292a71604820c17c607bb96e91.jpg,
32a9a80784c41ad5727006053a8ec9d3.jpg,
26e88d092b0a287f1f87a191d9b8716f.jpg,
3171f58dee83ab0f5f2c4420b292e473.jpg,
88dc7033f14feb91265af4c2116d367f.jpg,
30e67dfb506aab42c7dfccc861bfe4c9.jpg,
5c69f920ccbee838fbd00ad6ab25b713.jpg,
bd5b6652a33e263e632e521fa7c5a707.jpg,
a86ab5497c074e3637b8f2a772b07ce0.jpg,
34d7970637eaccc44604a85e9827e4e7.jpg,
6e872a430a3136531bc0661fa91e88c9.jpg,
26b8b82f307b63958a247eebe222f0fb.jpg,
2f8979b68888f3a586c94afde37318d5.jpg,
54d1facc45b53da24ffa7d3f6c889c0f.jpg,
5c7d7c537cccbd3aea5568d2f72275c2.jpg,
7dc19895c34fe0c2217ebb455976b9dd.jpg,
5e09859bf15102b449aeb9856031ee45.jpg,
5fb73df6bf5e368a8e490d51b5136d3e.jpg,
3f22643cd7f38fe33454bc283b640d89.jpg,
5e058a46796ecc3d65eb998542010be8.jpg,
15e0d84a62982675136394b9b814dd07.jpg,
54be8aa26aca8cc1621249b19eb69393.jpg,
9b2690cf2bb896de0d6cdc735a833782.jpg,
9f39dc38f52bc9b5d9e09df277a7da1d.jpg,
66f54279c12895a3b8678fa3ca5a18b1.jpg,
1acd7b0d92dcb24d82188c9589673490.jpg,
23223f4fc90ccf409a044cff13028548.jpg,
2d37ba1d95c1d9da6edbd14f1d4c8405.jpg,
35f3f1f5ee4cfc0ec9b5f3a9b076eada.jpg,
8a796e1ecefc6e0912f1743ca55c14f8.jpg,
0f0e99de2efe51dffbe536fa6d168c26.jpg,
94a901361c07a58bb099b5555a1054e9.jpg,
431dca29b180947e7a0e149d5d391301.jpg,
00e360d6c55f380327cf0bbdfaafb8fb.jpg,
3daa236ced721ebf94b96529d8f57079.jpg,
6e9f765ca95e731532fbc6266d04c508.jpg,
190be30482891ff871d7bc2d8980115b.jpg,
0ffa562d268ec6547e4fcb18e49b9ac7.jpg,
4e7a971aa0b43f93bd7daf9b3818a280.jpg,
8f11a876ede3a5311d946de1be09e43e.jpg,
5ab71f7305ecb16cf414fbe64275fa6b.jpg,
3cbd97314eeb804e458ca196d8338c8e.jpg,
1b5ac61cb0dfee16019031f742f25f6b.jpg,
8c2e78d27cf711d54265ede0d82df61a.jpg,
5ee07d5172223bdc1fdf685f32934f32.jpg,
6b202766be183ba50ce25128544bd2e9.jpg,
4bfba3d11ffc2dcf8a58788e34d6049e.jpg,
4dde86d61a5417802cfab7988dcf9c15.jpg,
2abfeee34f77aceefecc30052eae433f.jpg,
1d411cbd37286fd9b310dc2bc65301eb.jpg,
7c86295f318f5c5d3698a24bb055c31f.jpg,
14b127b810e2335f7e566c552e7e3f6b.jpg,
b3e47057f936cdce1651087faaffe802.jpg,
2b1258b8b2bbd53055daf8b944c260fd.jpg,
67d5584312ba8b936ac9aec4df348f8f.jpg,
7cb64c6c80ce403ed4eb2a1b54bd026d.jpg,
0bd911e53a994f614f927dd898ea9be2.jpg,
0d9ca3d8271446628eacf50445a08298.jpg,
1e8d82c0c6568cac893208528ee5d742.jpg,
6dba7f1d57ee300e9980665ffa32f6e3.jpg,
9b083945a38aea48c4fb1426402cd4e5.jpg,
309dd5045ccd1a449821f846b4f1de63.jpg,
45396d6e1ee586dade90284554848411.jpg,
44f9c1f5d1f858ad93743bbbacec3094.jpg,
9ab2789a153bec16dbc5355c84fd06b2.jpg,
6f62a50e7e3360011ff735f91673cee6.jpg,
55ec43dc3fa1024f1f1c5f30ce0ef19b.jpg,
1d2a08a88329fe435767b75ca9d05f8b.jpg,
74bf0b7de3f2d37ef307938524a5592f.jpg,
59e0721cdfe270806c5f9d88e7aec7f3.jpg,
5ffc93554594cd6409855c37c04459e4.jpg,
7f9f2071913802b59bf7ec97421c9c87.jpg,
6f5df34e3684c4d9de29beb708a2afc7.jpg,
4c032d108b156af4629887f4df2e5214.jpg,
5ea9d4cb57f1d33f62d56b024d12ff5c.jpg,
8900793db4bd92e1b1f83a9f6b6caf5e.jpg,
3fcfd7b5230b706c51408a8b28f4eb8f.jpg,
2362b1f3318761d7ba930f5e493f443b.jpg,
51a3fa40e937886a0a5da119cc2ae63a.jpg,
24a9403a4f6b1ea903bbd599b03adb98.jpg,
2c96b8ed4eb926d9714a9c1b1f4aa63c.jpg,
047856690b06164af59d84e9e8904fdd.jpg,
2e69fd9e969e76d0b874b94abab2e1eb.jpg,
10a9d57b2b37e86b2b6d23f1b55a46cb.jpg,
06e213417b465f5824915a9100f06793.jpg,
3aaa4eba03c388b0d89f5ef5cf9f614f.jpg,
9c601a348b67dbbe5ea9c4d8962155a3.jpg,
1d4ec48f25fc6d0ffa22800a27270f7f.jpg,
3e7d6cad5f77864075f7076ae5ca687a.jpg,
56d7e88fef2f083e4dc57ba730404a3d.jpg,
4b1bdf3ccf0d3018bb3d00f859fdcc8a.jpg,
8fae6c44ff7dbf7033b1a88be246953f.jpg,
2bcd17f2aa9d8b45af3916c1470bfffd.jpg,
0b757e5f0c2bd257560987842b02cce2.jpg,
60590ee4610298018e44afc4f7c4a10d.jpg,
632f77f14dfe3e0c4ad3774f2ae35174.jpg,
29b2fd93148db4e71ffaa01db2c9d226.jpg,
5c98c765dac4a5c1c8b908a6ea3cf93c.jpg,
733c3043e97769860fc4d5cf07eb5ae6.jpg,
14ff289d7d25730c1de57abec628f0d1.jpg,
9ab40fa7829ca7f3647ac3aa5ea3be2c.jpg,
7ec48aa60e7a112f9a83875a8368f11d.jpg,
3ce3b441529af6e592cb9656a1d43592.jpg,
9af1f9713e382e17214e26b724433b84.jpg,
50baaf6aee35b619a945a77f8d55e74c.jpg,
13ba109d03aceafa03471c17fc7d15b4.jpg,
3f49439c56bc3ffc5c29a2c12be209e0.jpg,
78f15e1072a9b0113b123fed6bfdd1f4.jpg,
4a264eaf23b0516c4b280fdb112a0802.jpg,
1ce286ea219158a5654171b360378793.jpg,
7d38c4c6ee3cc09a628ec677c047b872.jpg,
21f6d71e2fb8bb273f64d6f1e65eda65.jpg,
6c8c3853f3c84bae40ce8aa6c7f1e556.jpg,
1fc41192234acf453f1184c2fb40b17a.jpg,
10cd27444cbc74234852f8c6d8aa2625.jpg,
00aabc9ca24b9ba448eaec976434f957.jpg,
44d288dced64e602e2d0eb89d385d29e.jpg,
03d5854bd9366561cbd8d435da054bb2.jpg,
31bb57827481e74b1189a15694cf4450.jpg,
5e9011e01087bf255822092aedc887a8.jpg,
1ff2717333568d93bdcbd9c91f220a6e.jpg,
543c8f8026c28bfe6a385bf0926708ce.jpg,
3ccd2c0606cd8838daf70d9a80a9ba07.jpg,
48fa348f8978590b85efc528b18d5e0b.jpg,
8b687a92b94c887c029305a6a4bbb53e.jpg,
0f9520beab229154e0a41ef3b22f2168.jpg,
8bc634f6d55f1477a632e418773e5e2f.jpg,
4e631ad453252807a2bf1739075be571.jpg,
62e512c70af316d47eaa7ab3083ec240.jpg,
