id,label
f164dae2e2cdd4e5411e93a8dc95d142.jpg,3
588083bc2555da85c1db7e8abd9d6922.jpg,1
dd20037db2aa28f7b617bbf5f6754470.jpg,2
a6d1c3b86279c54afd4e2fdf0b88111a.jpg,2
8989be70528a5ff4cfa6d098afb5722e.jpg,1
0208a6357f23cf53980f72dea42ade63.jpg,0
8245d0cda7c088392abeb608b8061c29.jpg,1
c16e597760a2fe47e127716f7fd2f8fe.jpg,3
309ae014e4db1aead7c0b8eb04487cad.jpg,2
41195224c8f491ccffc517a45ffbc168.jpg,3
ad11a969db9f8efc117590e65ae05e40.jpg,6
7360ef1dc8be8b09e7b597343143300c.jpg,1
141866306a68d173244bbaba043789f6.jpg,1
b33a197bef1e8454959504cc5af91a75.jpg,2
7279aad10d615cbf8ec568f8fc62c4f0.jpg,3
faf78f2297b997a0162b3404fe8c6107.jpg,3
0983d4562c6b71465293b2c3ef8f3d86.jpg,2
d1cda119ebac3da1f045b97c6504cc4f.jpg,3
099d45f91d431d700731fc4efec35006.jpg,3
fa738e7d8f8c482a59c32eeec3f1c133.jpg,3
03189ecb86e6ab50a52b4219079ec281.jpg,1
b32b59a287e3ffa4b35d4bd343429e14.jpg,3
b2cbc8f6229aac243d2be5bce2420072.jpg,3
05540968919859edfefbcc4732b35481.jpg,5
a01efd0145ef021e532176e148493c84.jpg,6
edc07e16cbd9e7f2d7a8d020626ea760.jpg,3
cc5348a08721f586d5275ea558c4aa74.jpg,2
f0b2766599a642086166659726f9cd33.jpg,0
62afb8955895971784f8a6bba9a0c910.jpg,1
cfb764a75e09bd403da78de68062a4f5.jpg,2
54792c3291f9bcb7fe3e8ae41fef8dd7.jpg,1
c85fb2efb28e507387729e800afcb209.jpg,2
44239a435d17aaea63d602c78911c3a2.jpg,3
d973f08dbc803eb043d194d3437c14b7.jpg,0
3780c8f5484d6be197fd85107e101657.jpg,3
d64e61941f9c06a8bbd5ea10ddcfb1cd.jpg,5
340555680976ad462eae36ec7ca31ec4.jpg,0
85343ad4a31fd4497ccfad91b3d18578.jpg,5
bc6c9df54d6e77af6b3851007c43ea2f.jpg,5
56d16fb09542669afaf96df8914071d9.jpg,1
32aae02b0d95c5850f03f3ac0e3f83fe.jpg,1
4612a76cf29fc6c2df65a185b0a0c677.jpg,1
b99699cc27e2f95c17ddff43d6331f20.jpg,3
eea9f7b64b2427b22ba73ce9516f1038.jpg,1
109e514d3702cfe7aa03b6b861976656.jpg,3
e58e67e11c5a4dcfbed99257fa89e748.jpg,1
6396feef6b2e3651aa6d16390a362996.jpg,2
926365bffee41128d65a127cad1c16f0.jpg,6
96aa7120d7980ff73c8189a53d557295.jpg,1
ac682e8c0e00e026a37e259064a0b905.jpg,3
54260d6bafabb6708b19b6ca42161677.jpg,3
e451f7a745f0bad78ef40167470978e8.jpg,3
d6ab11f3a8d89776f0ec24463b720b1c.jpg,0
152e2d84bb2131580a09aaba62e4164d.jpg,1
e9b73689fe7e54329129ace2d83f48d4.jpg,1
373f0562a4a3aa4accad24e0cc94333e.jpg,0
81470a47c78b6193a4f8c297ef482728.jpg,2
b6dd92ca64aaae899a6c70761d24c2c0.jpg,0
99129fe3574baeb882cbce86bf415700.jpg,2
ee0351d96022afb52a510a052ea8ed9a.jpg,4
e0f3f7ea89be08c718076e55db6eda10.jpg,1
357402a310e30df56d7be551a83f096f.jpg,3
c8b8219930640739fb7d3dec67e6aea8.jpg,0
75860c7f14836cacfa5a8b042e00a955.jpg,1
98a5d7536bd45b32f7ebb97631960b03.jpg,1
2150ce0624776273d876daae24293ec4.jpg,2
d62f12cd4887df22a3a0ba174ce33572.jpg,6
748f4c9767c005b1770a46f34b5be635.jpg,2
dcdc999b9205ea0931831ea3d4b07a9a.jpg,6
0840eeeab33edf2699a56175cd78b177.jpg,0
52642b4a67f4c876e172f0304d26ae88.jpg,3
6150ea7e410d61faee79a221fe8395cc.jpg,3
fb20802d5b1634fc29223f09013b3025.jpg,0
c2466d7d874728f2b2f71a4a3d23676b.jpg,5
db0b634499e3cfaeaa7935e2aabd7fc2.jpg,1
c5b7d408ef517b8bda47ad49cd2a2165.jpg,0
0788e16c127ca6bbba1b37d750c96e25.jpg,1
def00a2f0b82fe7b7922ba525b37b909.jpg,6
c8176357ada004584b2e3a281fa3b059.jpg,1
abd5cad71ccd28ce8506dd64b641e5e0.jpg,3
fefb47f2fa18a7aaad2864637f66f9f7.jpg,3
ca6921c72d873ba72be9722c58da5d2e.jpg,0
e583c3a0f78fe861c5be3cf0520deaf2.jpg,0
2577c4d0855d5802f5f3e4871045d871.jpg,2
e8909e6f5bd6baf1c40b5f7f7f77e0f8.jpg,1
c2340cdc7d40d5ad33927e9be8383954.jpg,4
f6553ec5b8e7254c929be4e8bb5d91e0.jpg,1
c734bec93b5bb1e78086dcf3c03ea75f.jpg,6
fd0f11352b53d11e0bbfc097df45ccdd.jpg,0
307e3b9d1a29aa2a1407cf7f36d76143.jpg,3
f03a610232754fce9a76ce7865d8da6c.jpg,2
9102ad3e6ed27761a537bc5c457ea5b2.jpg,6
ae2f4257c5cff49881e50c0e717a94d4.jpg,2
28e42bba21e0c218131be9490aa770e5.jpg,1
913958ab7770447e241f23a7d45e30f7.jpg,2
651982edcb11e0bf32caacd35f2691f2.jpg,6
bba37fbdf634bcf678f01fd0b25f97cf.jpg,5
a1d0809805724e6f60d98566dfe536cd.jpg,6
722358183445f87a5f72993b4c66904b.jpg,1
fe41198117140540433879e653fea3a3.jpg,5
ccac0d90ff5da5627aa1922fbbf3c093.jpg,3
97049911ac55728802db3369a2671167.jpg,5
bff2e6826b6124a3bbbf914d5cb09567.jpg,1
a10d61d9d6e73699595a38d84f95ca12.jpg,6
c400aa07ea2e76fd25d4221026e828fe.jpg,3
daf12c02036923c6e47a049e69beda04.jpg,5
ff4468dfa7f34e3f53dbfd71b6641e61.jpg,3
cec73cc88c98f783cf348b75ee1d689a.jpg,5
f47a075f559e128aad71aedb4ca88108.jpg,6
de37057a013ba2f0fbaf48aae4609f30.jpg,1
70848bd6759048b2fbb120d426af2a5f.jpg,3
a56471b41a40607021b62d9e39cfff62.jpg,2
ff3141c14731904dc1e1c34b56dc8500.jpg,0
c5ed4c5307a2b022baae28bfa00f83cd.jpg,6
bc1df4bce0eed3131953af72b975a74e.jpg,1
cfbd1c689f3a338c221babbce8e72c0b.jpg,0
55020be2b80166681d74e5a3e1fed38f.jpg,0
21894cc37483b81278821bdd9be78c75.jpg,2
141adb18881c25341e9dc709a47c4ab8.jpg,3
f1d60fa5f9a1e13a0f09af84b3c52405.jpg,3
082ab94a1fb5363afef7a300bf5a872f.jpg,3
aaa112872a5498850427be1549e4c96e.jpg,6
17280997cc3d33c1cf3ed5781ab20423.jpg,2
23249d1e9dfa76a633cde456150c3d24.jpg,3
a33a59009a2062a5f982542e797ea1ed.jpg,0
dcba46f311296c5f1601fabdad7670c2.jpg,1
8519748567942705f0ad0a1575323b1d.jpg,0
b97aa38742beaa9ac4ca757160027f98.jpg,1
e52bc69da56959afc66f5c8936ed9554.jpg,5
a5154839cc1bf1818d4b83d5577f2ffd.jpg,5
be60f5903175adb95308dc16e2ca700e.jpg,1
1130ff7d43dba55a82f19d886571c0be.jpg,3
acd623d7050483aec49f7064907687cd.jpg,1
91b708010110828a9a830c5fc21fa4dc.jpg,3
07092616d416aa58589eebc7ed21f458.jpg,2
11595750ac2dd8fbce2f67ea40d21acd.jpg,0
539cd1c356e9c14749988a12fdf6c515.jpg,0
62ad830e508148a133b7612c7227c14a.jpg,1
a8f590fc2d0d42c156dad4820eeb22b1.jpg,6
daeb245bd2a65444519d63133e65f352.jpg,3
b5b0d7268eb95282a012ed4262818cde.jpg,1
323d1a16fc924fafc46fe86b207851cd.jpg,3
847a3096651bb564617b783095fc2c5d.jpg,2
a776c1050c032d6ee878e733d289e029.jpg,2
d6ce1fab431df56fb1c004a96615b0a6.jpg,6
746798bb202c57a60b52fae99890b3ac.jpg,2
ea2b11c3cd7c8f420552f3753966906b.jpg,6
991baa0d607f42df55ba08d4ffd1e0b8.jpg,1
934545435bb7b35a6f31c797c715e0f7.jpg,5
ba3a65c202aee81960ac1203ff5bb265.jpg,1
d9b9f2213b2beff025aaa2503635358f.jpg,6
d3cc3821c8b8ef263e7539873078571e.jpg,6
b26785b6e204ec2901afc62ff65df201.jpg,6
606530ad4f6e702732339412e150b6ad.jpg,3
99f0bac8c388fe0d6d0db616899f82de.jpg,3
311b601896e1990fd32cdcf6bd02c0d9.jpg,0
bc46d0f0a8b0b70328a2fa04eca70685.jpg,6
3353ae79103dec6bddce2d66d0ca0e98.jpg,1
8005d843e5d855a7d56e37c050117a15.jpg,3
b5558ffb91b9d97f59ad82f58014c5a3.jpg,0
ea07ce396db8234609162bb58806a8a2.jpg,3
66042654267e55394ebe73f20d91d648.jpg,6
77f7c63624f0c28d43dfd401863c6e40.jpg,3
dee4c4c96458721c8cda0dd1b18d5522.jpg,3
475bd0d501be66e13d469211c22ee2c2.jpg,1
f9bc3a0a448ee7f60aeaaf90bda13794.jpg,2
af4dce7c3779d27b6091f6242007cbea.jpg,1
581022a661c39a3b9258d35bd296dcb6.jpg,3
ad68f4093e977787ea1fb5d959eb8bca.jpg,0
87f7b53cc7e9ce9e01bc9fd1a691a18f.jpg,1
e65978cbd0b50faf52eca67d28185e68.jpg,3
d535693d26c061f81856826bd527eb45.jpg,2
b5fdaffb823b3f939ada69417c5196a4.jpg,2
d9a4ff29050f733af3dcb492822cc4b2.jpg,4
a30b42805e75a59694bc3288e4b5ac81.jpg,6
83545c37649b9bbce56062af29ce71c7.jpg,2
c7b3b07e9ccb48e1ceee7c3fc9bbfc97.jpg,2
81a371b7649a5cd8b384fa9b768e2e16.jpg,1
a0db6e396dc3a9ab92cd825b0779ec8f.jpg,6
73411a50b7ff30b864f5cf0a3555772f.jpg,3
434dbb5e2cf12144245a45d0a8328c52.jpg,2
b55af3892707428eb5e2bf26ee196440.jpg,3
b12feab537abf332f24a67ff38318970.jpg,3
229878fbd1f81ccba8cf14d3bcf42a02.jpg,1
eee8b0808eeed3b64c45a471436a7630.jpg,4
ebc7b36b0cdb8efdca3a7101903be714.jpg,4
b8aa16f5f90cab34d3b58e03fcd9721e.jpg,0
b66456dfb4d7e096fb773d3f3b355e32.jpg,0
bcd7cf6ab6202aee643c167a1e8d51f5.jpg,2
986eaa311c496f09a8c7a28cf5b0c00f.jpg,2
75cbf18bbd8dbc27f4f2c2e10d7f1d7d.jpg,3
a7543de836926b56c171b8f9c626f15d.jpg,3
e201ef07d7e726cd13eed5fa969b7285.jpg,6
22231624e19c6818445776140c547c69.jpg,3
dd06e124be409284a1a4be45aee66f2c.jpg,3
c24ca0bc7bf7101c37c587ae848093d0.jpg,5
cc9fa3b5a0cb12553289f6cf4e68b2d0.jpg,3
73378edbe48a4ad9a26304de6390abce.jpg,3
fc5efb93ac43d1cbb493dc3466f61e31.jpg,4
1794428ae1d7a9d39cdb6256e26058e0.jpg,3
aef2cdd2a9646144d55112055af87987.jpg,2
67271646fb44a2ba4421a687d6c0f5c4.jpg,6
ab69e46244721177362fb3b60c698755.jpg,1
3605c63de44e6ecdd029e27e601b180e.jpg,0
c8aac2691068ab17f8ac023c643b8632.jpg,0
d69104a587b9c249828d083f87a6c3ab.jpg,6
894734efd3748bf3edc2e10f8ff29756.jpg,1
399fa343a18dc5d43e3052cac8aeba0e.jpg,1
c0145ab2506fbfc658e299115d667f43.jpg,2
e72cfd285f59a746d2b8755886791ea3.jpg,2
f96656eb25a7f84c79121b178425b65f.jpg,0
dd213dd039784f27d1f0e0960de2623b.jpg,1
d8163eef2b3464bf23ee2310e1a8577d.jpg,6
bca5a8d293f91b7289953049c3776cce.jpg,1
e8c0505c9b3964bf3722660429fea7be.jpg,0
02443d3595ec28c2efbb64600e4cf776.jpg,1
c07839a6bf3390b8e776283c2db4e3c2.jpg,0
ee2d93a20ec417986135e10bd3b60ad8.jpg,0
fc56d45d261f7c3c605fd556f8d6bee6.jpg,6
b73adab4cb5ae66c39aea2954f95da65.jpg,3
3547bd234135c26ad18d197dcb543aec.jpg,2
bc404ae32e3947babc3dec9a3c7eb0f3.jpg,3
265026362d70a15f7a380e335c99815f.jpg,3
73f09ee01a0e0cf86503641c58ac52bd.jpg,1
c431514db9ac576ffba237adff6a3227.jpg,1
2838f1c4db9c8eb0a69f0334feaf232c.jpg,3
fd2c30f11e6efa42c47ede6d0f38fbd8.jpg,1
a34b2c2474b196577a4d022bc0e2ffdc.jpg,6
722328d14f97e8e37fb6844c139ac131.jpg,2
174dbd2e3a223a0d2414b3427e088e1f.jpg,3
c0114cf258c9e94fc6ebbed5e1e899ae.jpg,1
424163f9bf1d2fa23f269cf3db838481.jpg,2
e3d74477fc1010416203f3be9409a97c.jpg,0
963a3de388debde2ecb70400c1b7be8b.jpg,0
72513f39fe6f4f906ef3d3dd82d8e1d8.jpg,2
b1570adf8203c4d22c58fba35a57b578.jpg,0
387c1f094ff9b8fdf74e393bd9b88825.jpg,2
95cc0fac29bfff240d4e1405769a7353.jpg,1
2035d83ce524e32f2efb4c5f0c6c2229.jpg,2
29ca68613871b675f8704edb21b8f83c.jpg,1
e428b7624677a0aa69788e35b5839840.jpg,3
b2712f6f4c7b7a6dbd8e71183b6108de.jpg,5
fa083975df582cb57c911076d9fb8458.jpg,4
e3d9dc3560497fc6832357b3df407f42.jpg,5
d546ef935c2821b421bf9df2ee255377.jpg,6
c3fa25598b33c3f1b721d42df6623b44.jpg,1
40319c00bef70501390df919afee84ea.jpg,6
d8254672f7c6b3ffef9129dc5c4608b2.jpg,5
42872a485c5f699c8f05ea9d2fff9b7f.jpg,1
c8ec43294b2ac2501a7d0267a7c898ef.jpg,0
a6a1677f1b363545fa76f477c43c3a26.jpg,3
c0ee089e28d7e472d4ac0339aef38891.jpg,0
fe1013584eccfafd67ddb2ce42fb17ae.jpg,6
d53092af2b118e2f90cd120c5abcabae.jpg,0
a1155b4649d5a6a5ce2df69189bf19f2.jpg,3
58e8ad4f88c25003747e744a9a7bf565.jpg,1
a6c3779f4eabd33f9751eedfd88612f2.jpg,3
e62c71eee653a3cdf21281c437c62aac.jpg,0
967b64bd2ddad8726490203501bb474d.jpg,0
aceebfb276c8dee57a13b09793aedd8c.jpg,0
198060891722b6aabe4cfcaf98318ca4.jpg,0
d981e6ae63a92f08820256bf98ba58ce.jpg,1
d2a2ab6b81a2afaccc611ad5adf4d413.jpg,0
60503ce50015cb389e4fc9c79d972401.jpg,1
fdfda2a2cd3ab0fc3f0b1945d84a16cc.jpg,2
e03563399dddb0289e347b143e791763.jpg,3
e0cf8cf7b04fe763da69c617a0a7f874.jpg,3
402308246966951854fa3152847b6deb.jpg,6
bb36a8ef1db355e17d368270cc9b1bed.jpg,2
eabd0e910d50b1070a84d4e2d72f82f1.jpg,2
19957a21f539c518ce793661eefc04d6.jpg,3
8472cfb16eedf7fe4315e32bb57d3ae7.jpg,6
c923dd8c386184a0756802adb749a26a.jpg,6
f8ff55338235bd0819d8031f3dee3bb2.jpg,3
fb61d0dc646bfb6c90a90f581b488ba5.jpg,5
1533655f3f5a5113154353001b414751.jpg,1
33f103e8a8e11019a0662826bbbbadb0.jpg,1
bc2850cc2976e706b2bd8e5c669c7d47.jpg,1
c80cc46746e8096f33dbdc8fba26a5ba.jpg,1
ba661f017e310bee3f88724410cb6591.jpg,2
e115f3e1081883e2ad9a3e50270c7fe0.jpg,2
974849b8ce156947910bc675d6285372.jpg,3
ed38f3b696ea6d4eaab88e70ef472d73.jpg,0
fdf5ea4f4a56688bd2e8d68830f94078.jpg,6
c3e19ee67b28e2fb8aa0a21f55493000.jpg,3
51e6f4a5aa967486f205b4f62dca4963.jpg,1
bb323187bceec845d6dff4763f9db550.jpg,6
51c9aa18be3d94cf50f8fb6fb7e118aa.jpg,1
7724000cfd5dd44251fe4019fe3999e1.jpg,2
93ca8f96cdf91e2d48dd9112281340e5.jpg,1
4310af542179c7ef112c744ede927788.jpg,1
c1a496621e16219818ffca4474da531b.jpg,3
76272b6cc11fc3fcd76ae1e1269b31d2.jpg,6
8147cb0b317082a0849e11a83f540bba.jpg,2
562a8449d2c78f3051e146b4ca845cb3.jpg,2
47d31bfc3ab71496737821b0af2def01.jpg,1
07002f8bca41ab1fb2afa8e5a7051b50.jpg,2
e554b087b83500ae762565e17ed6c6ee.jpg,5
e3e973f41e0753900776192efb988898.jpg,6
510869f74ecb2ebcd6bbca41968d0bdb.jpg,3
633ab9c52af31dd8b355b469e128244b.jpg,0
856038e70e2ed8dd5897da40b83098c8.jpg,0
105b873b85f869497a2ca28fc772cc85.jpg,3
e49da085768ae5033ba8d59884fac598.jpg,0
be0d913e56da99686d1885a8868bfbb4.jpg,2
05817a2a04bb3c19684e39adbd0c6583.jpg,0
031606f64b2f9a7e6f3b1fdf56826a0c.jpg,1
e4eb90ecaf2053c4e6f71c72f070fe26.jpg,1
e65e4a053be5ae92d05adf2f7a866175.jpg,0
f56a0198ff6afdd1a8b2dfe8fc64270e.jpg,1
8586ebd9454273ae0130cec65f35cae3.jpg,3
eebaf114be0362666ccfb5fecefa79a3.jpg,6
fa8f9d1f956ad4190469b9d17d34b585.jpg,1
d050da0bdf9f17f0a63c0b1edf868301.jpg,6
d3a775de7f39a49ff751abef4059ea44.jpg,1
87acfd65768291921a4de8a14175da69.jpg,1
3670c41a3fa0a97a2fa7d5b568128d2f.jpg,3
33246592ab22b3e817efc4b8a4acd540.jpg,1
c208bafbb897ebf7cdd6f86140b50872.jpg,1
e04dd17ca05cbcb0a06fda1f9ed5e745.jpg,1
e84757c5d357d58e9ebff317b3aa8eda.jpg,0
3267b238863e21c376f41503d971f24c.jpg,0
76508c166cd8dd4eeddb605509f4d457.jpg,1
cbb25b84dfe5bbef7a2395ddcc88fc40.jpg,5
597d77e06d81b86d15ff0ae593d78b1a.jpg,1
f9cc566da5ed67c0300a58bdde3316df.jpg,1
f2b1846dfae55de52c1137058bc3d181.jpg,3
4511f28a14485b2a003e3bafd53e6b40.jpg,0
08360e4394dcabbc3f3797a84a4b3416.jpg,3
334a29d040ef1e708b78f33f3565d631.jpg,3
57dd009f2acabe96a15f46ac66434dee.jpg,1
dcc651df99d39736fb3ae48cee94dbf0.jpg,1
f7955c62914a66d23533c4c68a5b33d7.jpg,3
d812ccd13c98e0e6195c500ec7ede364.jpg,4
c112c35e007ca1205ba8ef6c4f956e9c.jpg,1
598759968953b3531699c9eb9af94691.jpg,1
c160a9097317b34f0f05001df50d551c.jpg,1
7183b6b75ce23f694354974fbdc1545c.jpg,2
fb023ed3affa031cc8fb8c18ba77e1ec.jpg,5
ddc4778b8e0a6a26d0077fd730651ee0.jpg,4
77882b6f2fea65717f60a6006cd63f5c.jpg,3
ef22da2f24e11c7a6895c5d513272bfb.jpg,6
e95ba4aa76bd608001514bd29484ceed.jpg,3
e82bb36a2b73f556d57215f0a6a8f585.jpg,2
ba663e9ab66c604ce5ef44694c297e2f.jpg,0
a5ecb31fe2e28464534dfbb701703676.jpg,5
99e6b6b0945f5ee512e413d57dd65fda.jpg,1
cf59d8c0c31d40e71c303d6a59e6eb3e.jpg,1
bb7f12eb3c73389dfd51b4239e254f66.jpg,0
3851e05dca289dbab5328e13036e19d5.jpg,0
dd302417113a012581c34a8337eb0619.jpg,5
f31e32160a756a3dcb2bfddfd17291b6.jpg,1
41d337f20500af0b909599eb2f3aa46a.jpg,1
f7b828218b85076852b9ae7b40bdb111.jpg,4
57e6dd3a657b713142fc5b5674a64667.jpg,1
bf7641e300f532cf64117f9fc359c04a.jpg,6
d1f86be56184c55fb805f813dd6748cd.jpg,6
f8fcf9fa6735c261b9698a9a585a1c6c.jpg,1
c055e7211864fa6b07e07b87bb4ecbe4.jpg,4
445645c730c01ec08c4b3ff6bc587829.jpg,3
bc573abf4b8acff09aa57dfb65c6e72f.jpg,1
ef47bc6ffbb6b7ba6a3e6b824208767a.jpg,5
9125dde005438f48be029ef4327d1ff0.jpg,3
e65166bfa5b64b914249d92beb9bcaf5.jpg,6
fef86b83eba0c9a7a6b113976ff6cbdb.jpg,6
106f37f65e58f75fa8d500b2852b1bcd.jpg,1
85086835cc4e81c8ea2cbcdb230e9670.jpg,3
e00be706e77b0f4e03508da4ce2f0339.jpg,1
f07c12d58dbc8633648e5db8d3f6093e.jpg,5
477070a9441e9a6aa7502b77d1da9e93.jpg,0
264797a5d6c654702bcebde2a16f5555.jpg,2
c6a5ba010bf0fbd49e8b5de4f4dc262b.jpg,0
71302415b2f8addfbf56502ecfafc1fd.jpg,5
a18a11193be863faa74dc5e1de9d08d0.jpg,2
b5cfc09cbe0d31e3d5b2d32752d8d9c1.jpg,5
572a04a100d1ad94219451108c278279.jpg,0
b39fa4528498c1b6ed284ef308c975d9.jpg,3
27d53f04b649f1f274be3ee83e33c9d7.jpg,1
ddf8bb2040c450315eaad03616b1f66d.jpg,3
bd50b8bf44a94eee9964b0cb366c779b.jpg,2
618b863e4f0ee634ba043f01a5e02558.jpg,1
0589ba468b9bd048a9d7e4ab591d91c0.jpg,3
d9ba6b17edcb89935fdef2ddcbabda17.jpg,1
9843db0b4bc6034d9c7ad1a55aaf2d9d.jpg,1
6031729d3361096b40678a4f74eb5e2a.jpg,2
74034fa9d945f4a5fbed102543e848c6.jpg,3
d11042682026e685eb3b3c4b423faae5.jpg,3
2974460e128a20a98291ee5d47711746.jpg,1
bcc7303e5711548c10b21058b8ffd640.jpg,6
f36dd4cd7cb13163ff11813a3803dbcc.jpg,4
a2c5c29095fce21b0a69c6fc0ecacb68.jpg,5
87aef36a2cb39556b30b500f3039a2db.jpg,3
7521ad422e4d04ac175e30dde6944c68.jpg,6
f1cee011095f5fa12b1138e2b86edceb.jpg,0
c503c78f26df6d653cda26e863b8464f.jpg,1
68328f64f5a69b4cd57b6897c9e7fbc5.jpg,3
dd9e6fb53af8099a5c96ff212ccf627c.jpg,4
471978feb7d5173eb35308e33b791114.jpg,1
389b5c0dc29b4e891fbf8f42ad5bd781.jpg,2
a0f193f5ea832ae3e4d054ec030b3086.jpg,1
a0497836bf58ab29e91d8e197049563d.jpg,5
7582d38f656084c18efdb325f60d8d49.jpg,6
949ee9a0674cf4c8fba067e754278942.jpg,1
1273e59a4d8dc9866e8e4f29cbfe7eb8.jpg,1
ff6c7d8866129ffd5340619e084ddf8e.jpg,1
f0a55a35281fd293807800564bd9dd27.jpg,0
c15e9fc1127aa0df5e151ada69da234d.jpg,0
f4e0e2f295dc6e1cdb1aba6720469233.jpg,2
db0c563c59115a6e69b148f0c90ca68c.jpg,6
8311c5d8b9497b5c9f021a53a8d779fb.jpg,2
fd3e0cbe2a86f522627de518674b4451.jpg,1
a4780a587f73baf9d430c551451bb851.jpg,3
c6560db959936465c79b80097bf5ee4d.jpg,1
641129d2106746f82bb27a4489deacb7.jpg,6
d24c64dc626ed04696257b8b331120a1.jpg,1
c8860b3721e87e2e150fc7d0510e554c.jpg,0
30479ec9323ee2a9be43868291ec35bb.jpg,3
c6c514b896be050ac3c6266f8c65547c.jpg,3
136a2e094217d416691c44aaf27b02ba.jpg,3
e1ed9c7c2ced70937f1aa4505ffd99e8.jpg,6
f4db2a6359c18bb67036aa504203bd80.jpg,5
ec44863d46e03cf151be5340c6981f99.jpg,5
f6aba5551f01238c2f674fe4ecae2076.jpg,6
b48cc42bdf638279842f850bc9034144.jpg,0
a0e190432c14c02173904f67159e57ba.jpg,1
eae9a19a435190e5598707ba9cc0022c.jpg,5
e46863991e86a8ce2e86dee0622a7ad3.jpg,3
8056b7e6dc36cd6a039c320a6a84d835.jpg,3
286ab454f57d0368cb05409c3b966e8b.jpg,3
772fbca7d82fef16a64c25b8e9cfc7e4.jpg,3
c772fa91ab2a30518f2107a2b1d95bac.jpg,3
e31a175ca50534a127ecdaca80f9bd66.jpg,1
a874cf9abb0bc4c30c5837e51918be43.jpg,6
6324590dd32057103bbb5d3c0d92a6c6.jpg,6
f5f14b3b61c20d4c4f720465318f8612.jpg,0
b7fd57ee27ac9df8fcb7fab6753e75ac.jpg,0
1683ca46a011049e3b1f05cea8bf1337.jpg,1
957e1e190a325009771b0f895e504fda.jpg,1
48dd8de69b13555e2a3f2d4f245596ae.jpg,1
8558f14c6bf4a4bc671f085127c4ab8a.jpg,3
11376cf9152aacd150e86b460bf00819.jpg,2
a3979fa059d97fe460c9a8b935c44240.jpg,2
129d76a768ffdc65b4c8443af3178ce4.jpg,3
438867fc30820d65450d20df1ec0abaf.jpg,6
9640839be51208d93e1c6e43e7701fd9.jpg,6
b15d57cb17e0f6ca66369c77223897d4.jpg,1
da7d0e37486d53f1be96ca79e03b3804.jpg,4
b56bcfb149bb57c261a8b077333b79b5.jpg,3
81a00a7bc96a1f7ad3c9bd7985c4c47e.jpg,1
db58efdc915eaa9c401fa5e904306de4.jpg,2
78941cf349770e8b710923b07566a6c7.jpg,1
b4c85f420e630442601c45cd865c3bf9.jpg,6
4844c38f174d58429ac94a53ef586064.jpg,3
eb3e67c3977c40ba0a369e0baf065c14.jpg,2
ce7d332b8416b356084f0001ae452a01.jpg,1
3414fdfb059847638ea2db9cfadc6c7c.jpg,1
283f7cd34563dabd5d3b5603545a08f3.jpg,1
a380b518e25c41f00639477448089d4e.jpg,5
b1ffadc899820daafdd8cc64f5be6baf.jpg,3
cbddf47fcf0a61f9bdde390c7844ccfb.jpg,5
5712385dfdb36349c70c59d539557eb1.jpg,6
7703c4bd19ca1f95113830a555bd7be8.jpg,1
b3c3dfebcd9832ea344fc1a45485109f.jpg,1
b260bf4ebb529bd0b4041a69c22c323b.jpg,2
912483ab537bff05794a572490bdc646.jpg,6
eca42ac92accbafc5e8fbf177c57e53b.jpg,3
f95674b5c86c465965d071590aef4027.jpg,3
a2001246158539bce9187c26a4c0ce54.jpg,5
e44974df32f5c108107c1a60ad684349.jpg,3
3981808603e592887dc1c55ee3eeddb4.jpg,0
84dee104869ab361407fefdabb84310a.jpg,3
5194547ebb0529d6e5adf3c8cfaf752d.jpg,1
f486b78a569d359d07af18c5316f21db.jpg,5
dbfbda391472dae78277107b40b2c39f.jpg,0
b0d65837c4a201b366a9e1e9f4238f44.jpg,6
a9e267cfa5f8090e4784001cf1801f79.jpg,0
bde2e3c9c81427bca0184fd7534cf5f7.jpg,6
0160747c269d59ebd907850f91b575b5.jpg,2
3709318dcfb05ed8620011576ec187ba.jpg,1
e0d4a80855365ab1e1474cd05e00f0ff.jpg,3
81a92df5f0c2bc3c61cad6a5d226a620.jpg,1
e8ca909083b27c53025a79783cb52c38.jpg,6
80c831cb8b7c7a4806532754cd14d111.jpg,3
873400e9c62408fc148e379467275fc1.jpg,6
faf4c40ad7bc2bb949bebad56ab19c54.jpg,3
fbdece3c321b6fcd4561613520e34453.jpg,5
292239f65793e917d923ca5b73196d81.jpg,5
f2ae6e6dad3aca1004455bb1491e40af.jpg,4
415a96a2b055652bf5e772d142e56264.jpg,1
fb32e1e7e8264a0c522510c5fe974251.jpg,2
b52c92c4627399d87e8e4274d07216e9.jpg,5
294bc8905511189f805042a516730723.jpg,2
e7851f0e725e1a7955a15aeb3642396a.jpg,1
dba7330d93a075ea46a9d512cb394740.jpg,0
c08a1c17780ead9d39d3224a5a41213f.jpg,5
3024c1bc7bbf1abf8140e4aa6f3917f3.jpg,3
04649cdcf0f8bc537233cdb724fee004.jpg,0
38824054cbe759150b7b02e03772fbb4.jpg,6
bea53198b9cbb05067458031ebd1bef3.jpg,2
92c46e81ca48135d21383146edc9806a.jpg,3
22f8406f96ef5fb476422428f99beea0.jpg,1
eedbcbe581bf75ff236fe64ecdc433b4.jpg,1
90252aa324688feb7c45ecde612bfbcd.jpg,3
4487295b8454b4cabd933035c17b52a5.jpg,6
df08b8d71d12140282f2beb646451014.jpg,0
e74bb34886f93384c58ae9c65e986db2.jpg,4
5112d2d624d7590c7dd2f698071d989d.jpg,2
952e9eaf3bfe99378af334f0336769bf.jpg,0
b3cd336bf507e238c112de1013110a7f.jpg,1
f41f8ccaa8ab0b0b1ef5a29ed5feedef.jpg,6
d9775468ff896b35ffc0e0bb82442fa5.jpg,4
fca2ad5aeb38a38d8e33aa9bd484b5ab.jpg,2
9384de42d6b5db877f301f57fc77676b.jpg,3
fbe1494ffa2f02366c829f8be6fe28bd.jpg,1
81023f1611c1175febc7f166f8d51d50.jpg,1
bb6cbd51b5d4328c80e807efc3a0653f.jpg,0
37232ed14a7015acc47ab191d92439a5.jpg,0
a5c0751ff2b1474dd4bbd29dafdfd346.jpg,2
abcc562c7b2fe3cf395ec6d0685aaaa6.jpg,6
f33de03c97e1c28627bba297c4c34c06.jpg,1
82127899ceb6871b05d2577d5c1ac6d3.jpg,3
324a8db0a39956a0b62abbaf63452149.jpg,1
ff2abc9d9e34d45971bcba65c75f3348.jpg,1
f89435704f887d232ec62d6a26223f5d.jpg,2
e73290a57a1d6df968f568b091be4bf5.jpg,5
b195cf8e25b4fa48c35e7582cb122db2.jpg,1
f140e8b248e27bb2ca10ffde09ef6013.jpg,3
eec4d3592a3d3fd4a76a23d2b0c1ef9b.jpg,2
f2b55cd623d6ec9634ce69d7011d140f.jpg,5
360885253a561166497914fa9b710ab8.jpg,3
78770fa28f421537ac3698cf3702636b.jpg,6
5949b34be58a511702dfbde26fdbd407.jpg,2
7071f01d0334a591fb64588ff33d6449.jpg,3
a828417cb841c8890f6ae7c9e26c895b.jpg,5
f2c9599e8e6b94f0e769736e0a06b365.jpg,2
f56a6067f01b9dfb87be1b9ed486b9b4.jpg,1
316163b6500e6f2f26e00a6317b2636c.jpg,0
da4832db2a4c48434bc7f669f93d45de.jpg,3
435954bb44e7a82ded2b6ed4c1f0221e.jpg,2
e8a6a1d46e6e5819d22b22986104a9c2.jpg,1
164148a0dd95ccb4cdf297e05080fdb1.jpg,3
e03562d53da2ed3e611bc86f787591b1.jpg,1
ea7bb97e177c5de3d831ddb9b9c0419b.jpg,0
fd4db4ebadcb07fb33abb5b1891ca764.jpg,6
ba0dfdd329ae92fd6da8569a197d8a82.jpg,1
339cccd775d9fb09418804f4b03a2888.jpg,2
264c8370b1fb287640424eee74c7f75e.jpg,1
9156300a80179d978ad098d29e972954.jpg,1
1073458924746c5b26b403bc91337560.jpg,5
480b2c0376c4710ab98566fd3da02a8d.jpg,1
4643ff79436f297fb3b5eff2894f3908.jpg,1
41877a6af2ccc9554a0ebdfe5753b852.jpg,3
865355bdec56bda858761de11073c7a2.jpg,1
2342732be51d1a30f078c7f2a831d47c.jpg,1
bd59f691d3582324fd57723647f04d8d.jpg,1
f366bf7fe8ab99c63e0d843af9feb974.jpg,5
95f839383374f347c320b643b8c0689b.jpg,1
0378d60929903ccdfedbf03de27b5fc7.jpg,3
898f38257dd59247420cf7b824ead8b3.jpg,3
b780578b4f2b3dc82ee35d482fdda94d.jpg,6
cee2c42077a7812b34a0b96381daa48e.jpg,2
66893d3af9a849a4353eb7af7b6cb4ff.jpg,3
164f99bb395f7ed7dcc5955ece4f0bd0.jpg,1
91b649542a4676eea5d42657dda8a053.jpg,3
ef6e4b444c60dd1bbbbaee33b3faa7b1.jpg,5
89798e8e342daae15f7930f5e48b6a1e.jpg,1
ac394501a250a32d0db356a5f0d8d63b.jpg,3
878e6330e086e1aa48df41d1862d4083.jpg,0
77b11a013926dc8a7e7f1b04a132e95f.jpg,3
aa61807587ec600a41d3d07d1856c8a0.jpg,5
eeea52574f7d653e749d3e931d1cfca4.jpg,1
94be2b26d644fc45ea8226fb619c7058.jpg,3
ec41ed55111e9174805fc8c59390fd18.jpg,1
eb781a9e6970880572cd2fe9604ae73e.jpg,5
675e67a41de2d2a8e8fb6a872336ee1d.jpg,2
b1323a84517dff18bfef25722ed33fd1.jpg,0
356fc97bb11e34c240cdd32c544ddcce.jpg,2
f4072f533076ebc9488703dd821e0c2a.jpg,1
316f352458d92372e3d88ac08dfb33c5.jpg,3
c9202b88a14337623662c280d76b2941.jpg,0
e931aea60f928f7415f22ce73c0211a8.jpg,6
d4334a148b811295d574003e9f58cf65.jpg,0
a5611cc3e37c586d9100aa23585acd50.jpg,3
da99d9d57f85a3aa7e82a7a1a4d9b8da.jpg,3
ad5b864acb6e6eb5dafba738c25d5f55.jpg,3
d1643a71861331179df9c8f55b37be7c.jpg,4
9144aca6b281c33f3bd6d1c64b677b4f.jpg,2
ddb6dcdc503906cba2c0c2d071e4aeb5.jpg,0
d44f6d61cd476de1817b7328d7186b36.jpg,5
fdcf8ee120982d35ebebaca4ca9c95ae.jpg,0
a23d19e5ec774ca539301f2a5bdd4967.jpg,5
cab1e3eb05d7aacffe3ce3a350c21d65.jpg,0
b56b71a9b834634a4128ac1f284890b9.jpg,2
4508e81d9b2548edf5b356238290a040.jpg,6
129db13380da6e7ccb43f5888e6241d0.jpg,3
961a7a6ff421f32fd55c58de0d6979d2.jpg,1
cab0f38620edb538ca7ad3bc9337c4d6.jpg,1
f8f0337252c5af532ce0be194c90415a.jpg,3
f240469f04372c1eabcd34a2c18f702b.jpg,4
e8a4f75db574a7a97612cd2231c9b999.jpg,5
ee7bef2031873f56012a5d8147ca13ce.jpg,2
e7abc13423010b624d609f6d25e5990b.jpg,3
b824c727654e450aa9605ba3e49cabb1.jpg,0
86045ce804f9dd8e3371bbd67bc956f6.jpg,3
ff0fdf2a597c3489b6da263d8eaf20dd.jpg,4
293536f1cadbf5f77d50bf7bb9e4d8cd.jpg,3
cdf4fa3f20d69d45911d7428f4a9d805.jpg,6
d600d29083c166a3c4eb6a5e12de5355.jpg,0
df3bd4cffc259c46d38b13b6e1623b1e.jpg,6
fbdc8ba446e12c95f49f2d3c932ef9a6.jpg,6
cfe78b30c22b68340e69cff056b0e37e.jpg,3
676ef548882101510064cbd51e136aa6.jpg,0
ee667b2bae418fb1402af98a93b3c992.jpg,1
60671a5cdde2392047d64dad8dc6b62c.jpg,5
b2de50e2e70fb9ae04591c291a73bd2e.jpg,3
9361203289914da8c662c16488d88f22.jpg,2
7336f52578388835f3b89c40c1d4f919.jpg,3
a41a5586f2e3840fa7d115057e0b26e9.jpg,0
c96f2dc05dfe030bc48fbc1db4af9b06.jpg,2
ff06078e125e5daa71646db08390d469.jpg,2
df9e42c3ea8665cc676859d05690daf3.jpg,6
eaaa57b170796df3ec5bc8cfbbf6af02.jpg,1
fae068dd2a87db578d81088e7c2715fa.jpg,0
d4d8cf2faf3b5d14ac9900e34363ad20.jpg,1
b10c9a5947ee029e861bd15a6aba819e.jpg,2
fb50b2f55884b90de14c5383dacaefb6.jpg,1
76fc445102d84f47fcf4f0473ed3dda0.jpg,1
c4cb009a529c3b52b943648a800a73e4.jpg,3
8371905e481b6b57621fae8736d6cd08.jpg,0
cd60f1b96a8e4ccd6de37f9ae5dddbf7.jpg,1
612dcdf5d978b621e5e69c293da803ca.jpg,1
860bdb7d67561ca877085fe8619ffc72.jpg,3
cd3be1c0d6b5e4f3eb122f5d1ed36cd7.jpg,3
03775c45f7cc00d8aa7eccdb482b76af.jpg,0
fb368b6e71b6e228465adc23c4020019.jpg,1
13947b8d0ed983756ca3a0cab6ad6ecb.jpg,6
af9593e6e80fa6b7e16564c51ae816f9.jpg,3
d1d0440a1beb6ddb9395042c8de5186e.jpg,3
b234a3a4a212709a224f2e3cc088caea.jpg,6
1321cfbad3cab889496fa7bd1bc1a5cc.jpg,0
97118f1e8d63c2188dcb363a30e4be3e.jpg,2
849a942346b1559b1a8a176b22aa9fce.jpg,2
c11e99e1710042d3c096812bc5f78956.jpg,5
234eeec11f2831b8bdcc8cba2d93e7bb.jpg,1
cc62c003d14f80fdf84ca443d8d85c98.jpg,6
f8832214281f72b67fe8dbd01f302301.jpg,3
eebc1991b72df5903f1d84bd5c1255ad.jpg,3
7005c412646303aaa58da1861a4ebc09.jpg,6
94bf98115df23d6a5b5e1689055bd5e5.jpg,1
a5328b18616a004049541207cf5abf24.jpg,2
9505933835dbca82a680018f77fedfcb.jpg,1
747160e085a6fd1aee19cfac07d28c5b.jpg,0
035af8b68870eea8eea46b493548e07b.jpg,1
953502fac729295ef1559a781dced0f5.jpg,3
7792b84abf6207d1866d673ab6353b99.jpg,3
080810c86c74ef6f6c86a4059e33e298.jpg,3
838975872c7ff0b8b502a8353dbca589.jpg,0
e0016e5ca6d0c1b7fc67a9614d2d051f.jpg,2
f3886ac3cc1aaee957d8dc0aa8c8c31d.jpg,5
a5d94dc43c546af9435ee5d03660065e.jpg,5
ec1c8f56bd292d597af87464127c198b.jpg,0
8440b5cfbfdd1bee236557ddd00cb184.jpg,3
2426a63aa874c3484a6f298077f342f5.jpg,0
0975883d5f7238cf0741acf2891d5cb0.jpg,3
d9745aeefb40c5a53e44b95bba6a35a5.jpg,1
b904df04603aa953012423ff639884b3.jpg,1
75e0f7314dac4954e85cc9b74a7c4b12.jpg,3
ffa3cbb184a31629dae0554e8083d814.jpg,6
c549d4da3ba4133947269737dc92c73d.jpg,6
f80b081f0fc6a8fef16a74d822921e96.jpg,5
7598672967639f9977dedbd24aef0a1e.jpg,6
782973a408f09619bbe4c286b844c2b5.jpg,0
bbbcf35f939eab9b470baac0a779c715.jpg,0
bdde942e7fa9414cd4fe726561442d06.jpg,2
416b99aa3fe7ca54c33b28a2a29c796d.jpg,3
f6faecc05527923a65023641cc035190.jpg,1
edfeca60d575888164a080094c15bb6e.jpg,2
33218a3ebd21f8a8acc44bf3470b34e7.jpg,2
273876f0c97e3e0bd6bd71e0f4bfb49e.jpg,2
aaf3f915b9a88873253725e96280c044.jpg,1
f349c9c4459847997519ef7e668ddb47.jpg,4
f12d944cf0ed52596fe00d289dd00ae2.jpg,0
b22d88966716da786bf3620f8740695e.jpg,6
dc3c0e7c42329647eb70a30b0bfb1a36.jpg,3
6431b63aa320d9b861526d6e18311ee4.jpg,3
86222ad0fc2874de6d9747f9f0edcae2.jpg,1
862dbf280aea2ec4c2fe4fb1a42bd930.jpg,1
24fa49ba55059b2b5812a63657f4be46.jpg,1
fbcac513b5bde685e7ee9f8b43db203b.jpg,0
275821a1d3bf63f92118577aa983c258.jpg,6
cdf5e1364a7909cd7c8ab9846bcd95ab.jpg,5
f8bded86feb8ae6d8477d16f94c4ada8.jpg,3
f85d1cbd73301e91445540768912a8f6.jpg,1
aeb20f40019de90dbfcb658cdfdec516.jpg,2
a4ff24fc9ad8d7a732158caa85067fad.jpg,3
02124996ed770278a5c65eab8e26af73.jpg,5
b91bbc28e18b8853aaff5c207f16438d.jpg,6
27475eba9bb1199576c78e2da47078a7.jpg,1
a76a82178ac902f7a453d5cac736a404.jpg,5
ee015d9c0c12d3d867f35f905911cb81.jpg,0
ed476d8e5253dc50c49a2a712c9f198e.jpg,5
d67e08e594d1993137202c2a8bdf4c29.jpg,6
ea293660400e31be18966d20dbc35d95.jpg,3
015659a04b865b335f98b44b68d24a88.jpg,0
afa35b5f9cadb2dfaa9d7da7b35ef47f.jpg,0
50ccb1d7734f13b823370ec7a902bdd1.jpg,1
253e5f458a5913c4f97bb3f514f28674.jpg,1
fa7f8e7f06a0696d80a4dfe3f274a7e8.jpg,6
8920b3174ea2dcb43a0aed69a7ebcc9e.jpg,2
9778d9d79b3efb394f6c3ccb89f7e26b.jpg,1
6245947d78822b6fe7387d22fee7147b.jpg,1
902f006a519f52f35fbd4d48d56f2321.jpg,0
f8209e939525ce5ee93a12a053fdca82.jpg,1
501a528487d7eab02ed309a175ec9aba.jpg,1
5564e02494873cdee092ed6d107e9f7e.jpg,0
6742faf6788a089a9f9696a32cf1f40e.jpg,3
c0fb34f6733d0f823ada02689b01d4de.jpg,6
fd9e0601f19ae3fa671ce81ec4c74a5a.jpg,0
14110e2619aa9ee91a8b30178373111b.jpg,0
b66a6d71d4e1648154b3ef85340dd82e.jpg,1
d746b1bfb73606252dc4d9a16cd88a24.jpg,1
e2fca88bfd718bb371d2d4114d7c7633.jpg,1
7119e1f60bf5b3cb227c2eb15733eb76.jpg,2
ad5b986da8817a2ca7427be1f2f652b4.jpg,0
a484bc5794df53826cfe43dbcf7e6d56.jpg,0
c2926a6b5492bf9e3e55bb7787f10a69.jpg,4
637539ac9b39653384b84fff06f53629.jpg,5
74533b96801ee1fda5fbd6cf8ba0278f.jpg,0
de7354d6d451269bc7e9b376f906cb43.jpg,6
4217f75194453c593d798af66cd07ef5.jpg,1
fa1d62d8be8e54afabb168fe90c99691.jpg,6
fd0425401498e1d2c9d6fff1ef7edf18.jpg,0
f97215299ad3b201b8a9b7dce228827c.jpg,2
86081dd8e95e1338b2c47f15c74895c6.jpg,1
f8b398e8530d6550f91b416d409b4793.jpg,0
84e8bda3a9bedf113c3893bc5134efca.jpg,1
c854805fc3aae4b671e77ae335fb3ed9.jpg,2
e33c3263e879b89b9343beeed58e2645.jpg,6
1993afc8260f35793a561fd1cf1bf2e7.jpg,3
82b875673ebfae08cb88aa8d0375129e.jpg,3
f24c180bba84d544a27d856ea15b64fc.jpg,2
e9429c1551f0e5d70303f7a513168a14.jpg,3
b08d3f2f57b75e1be472d8870811637c.jpg,5
f5d3ad4da9ba712e5463976b34565d17.jpg,4
a1ed9717048995877dec9d9a17469332.jpg,1
ad01a88f6b01ed7cd99c77cf0df772bc.jpg,3
72db75571dd1639c303031d5e92fe3a0.jpg,3
53d019d4661916afaf61a4c9182b75ea.jpg,1
7774685876f59169f512df82fd31b578.jpg,1
246bf9e8a5c3a26ea79eb33164799aae.jpg,1
78cf37ead811ec5bd428186d952e0454.jpg,1
42aff31bbe77b5954359bde0d494a434.jpg,1
733c11ccd97f8b8b38e92d66de6b611c.jpg,1
d5e9b66ed41bf7769ca92689d7307566.jpg,2
571042782d85b0ba9c491f4c7122f732.jpg,6
299826aa376f8ccea4f1a31196913062.jpg,6
e88d1927c5693482c7fab4c33c4dca98.jpg,2
958d45900252ab645a1fa90b735a26b6.jpg,2
f28e561a4ce609798c220325ac9f3c32.jpg,5
ab0315bdd731e0a3831ca9c83ee55690.jpg,6
797d8de53fcf456ed9dac89789dbcde2.jpg,3
9914c3b4aaf1da91b887c128df6ff2a1.jpg,1
c11ff11154167b7183db3e3a4a9d67b4.jpg,6
8898f2fb02e3b5b8c5555929772b0e06.jpg,0
6527026143c326d68144b67b3c328066.jpg,3
24205d8abd534cee30d6780ec18e0c58.jpg,6
62269d4d124e34890c08939e5bf4f7aa.jpg,5
dc16621de5d46690374440db5ed312a2.jpg,2
cd94b69026dbaf25b9e922ed80ac4fba.jpg,3
ca8626c818bc43981aea427ae5395e76.jpg,3
d85222dd50208b51cc111c7413d06695.jpg,0
d68aacf041bf2471b6a61f10530f79ea.jpg,6
99d0e43db4266a3fa61012507a6305db.jpg,3
421f6a46c78164ccca8e37bc3ac030c5.jpg,3
d05b59ba3bd55cea66952a2ffedd3175.jpg,0
db348dd751eb2f684a90fe17a603177b.jpg,2
d9cd828f9f0bd08e929ae53cbe98bd2e.jpg,2
ab54250f50b559b9e18d169b5d3b9c8a.jpg,1
ffe99cd5d3c42e884f8d239b5a5b0406.jpg,2
dbd1b0bacf4f4d51abb59bc7abf19ab9.jpg,5
e65ea52235d1f67852579ce8822f4e9e.jpg,2
08295fadc535dd63d21a1159b73b1a85.jpg,3
ed6bd655987871048dd7ae8e0dafd257.jpg,2
108de0ab04dd03984b9a3abf8ffbbf62.jpg,1
e467558de8ea85265739778f4c92065c.jpg,3
18805becb7894a8f8ba128dcf9b99af6.jpg,0
b8cb14ce341662a0f4c3f929c754edb5.jpg,0
d0a5813747a35616869187a9b00f339d.jpg,3
b51f7ea604f63c8799a26068efade737.jpg,3
bc44bb1889b5217a2fb953d9fa97ded0.jpg,2
a37944526bf98c3553122ad541c265aa.jpg,6
d1e98777b3b671d4042ce15d7b42b015.jpg,6
ad46602aab149ca5da60ba8ea5a75320.jpg,0
72619270d74d7120e8f8447d2d458a1b.jpg,2
f80805e011fd813196a88c1e074d7d14.jpg,0
8606f884a22659d428aa41855123b12a.jpg,1
57ceae4d86cbe6b9c997d1f7b8366eb8.jpg,1
b1514ea007afcd04f154b928a2ee3989.jpg,0
d3fb683966fa12ade5cac38d72925c09.jpg,6
ea101aeae95660047d929a5cd0251f86.jpg,6
fd7c422b20f8343492cc94be4f19516f.jpg,3
591b0de220cfd5d4b1091e6138219767.jpg,3
d18df151c4b925294ff077d2f2c46bf1.jpg,6
bc1fdb08bfe57f05ce8615a9c11c8ccc.jpg,0
a95ffc85445fb34b329f9e59921d3ce0.jpg,2
109723a32436ba648f23658d9e105a06.jpg,1
0860f30137aeb2a848ac552abea1b2bb.jpg,3
58370321dab3b462198ff5758726e54a.jpg,0
88759e0578a582039420dfc756c0ffd6.jpg,6
6890b81acf11fe08734a6049bbbfb084.jpg,3
c15cd16f1e40b6cadc2947b25c0142c4.jpg,5
f5760fcbcc9cfc2ddb41c8b6e834fcc2.jpg,1
ad33ea5b49dc2cfc8ef742dc3d31b9d7.jpg,6
82670b48da12c365cc96df1c8318ecb1.jpg,5
a9dc12acbb2ffc634074128ddcbe59f5.jpg,6
b3ae381735ce2719daf3fa199463801d.jpg,1
e9b45b3c3581ef95b6904038e428f3eb.jpg,3
bde2d05db49694e5e232b271070da929.jpg,3
7681d2d01a45f677f1087da485b4dfc3.jpg,6
a94b7d5fded0777c4680a14e9cff2eaa.jpg,5
c8c588710db7d20f28374a0f327f7c17.jpg,3
d27cb478b3d7871e5068321e998651ba.jpg,2
a4e9b6f83906fce6df2018bb21931f48.jpg,0
3709da7b37d84296105e145c014bb3bd.jpg,3
cf6adb4ac74ede301ca2447d829f309a.jpg,2
c57fd95e0bf080d99957640a31c40eaa.jpg,2
a395b57e6c3a6f227495fae215345bae.jpg,5
e89d180147a14a4147a5bcff78eeb848.jpg,0
f75e12689b9d4ae5687ad462b5a148f1.jpg,0
ac2e14a7bb8684cc5d51f94a9fccb5e5.jpg,3
ca034b3894c8602faed92274ef4f8e63.jpg,6
a1bd475c98b61525ea305a16ecdcaf45.jpg,6
cb5480e4fadd32c9dc1f4701daa68506.jpg,2
80e274e31fd654e0287887c0e72b14b4.jpg,3
f85eff41f534e5eb41ccb2f285036717.jpg,6
3173af9b4548436c1253ec72ef370e9b.jpg,1
6362e9004c226f192214fc31fc645367.jpg,0
f4a693abca81eb09c1e5a95c6f31efa7.jpg,3
d08d34cb56358cbc2f9d90cd9f998567.jpg,1
a3015f703c3efd7ed3adc2ac96560960.jpg,3
7490d8df05c44dfc3cc9ef8cd6d0779e.jpg,3
3860c416b6a9327a97a654a1b188d1b6.jpg,1
c7a647f699677dee34591a70d8957c82.jpg,1
e07c0be19c2d0f8eb6b510382bd9320a.jpg,0
d2c47a473293de4b97012f82cf30a83a.jpg,3
e137987a8c204ee3c281806bbaa974ed.jpg,4
84605e5f558b06d17a3e021a78595df7.jpg,3
51aa8014db75e566862e6d4c77ffa896.jpg,1
f1f1c6b7c93e8a76449853725d98f451.jpg,5
ca228cd10cec47c67582216abe3c119b.jpg,2
a691b350ac247ddaff356b33f9a52bd4.jpg,5
bd2537d03023e104a534b9ecc7ebe3d4.jpg,6
cf9d34fc0127c0a22cca1abc6e2f8b81.jpg,3
987ed2d6350bb2443d522885f610ea66.jpg,0
e23394393ecaf0cefb9e0e038d8f70c0.jpg,2
2787beb62b2dd94533a2121f802c34e3.jpg,1
61dac0b26abed6d8982f722068fb7096.jpg,1
d2361cf60bab2836e7e86f75842b7e38.jpg,1
8263016d9704ac34d71400f650779667.jpg,5
de5c5213b0434330b095b29427fbaac4.jpg,1
c27abe6a3c7de07a6eb153f0a65529fb.jpg,5
4406782200f8e1da07bf76c283a19a23.jpg,6
e748168857c836746f8656b0dd9a87c8.jpg,3
2759ee0252ea188e067d29ba079d83f3.jpg,0
01792a965dafa0a325b971f8853edf50.jpg,1
5013dbabed0bac8c77549264f4323e2d.jpg,3
a5200ddec013a41487f20d68599fc5da.jpg,2
11290f469604d269e66c5b895eaac44c.jpg,6
f54a6b95b457d0e8e9eddc540319f54a.jpg,0
374b9d4ee27e4702747bd157ccc677e5.jpg,3
a171225f5b72a645fd5c56d9593dd47c.jpg,1
7355dfd3d66da3a9d35cac2296e5821b.jpg,0
eab16d3651b31cd694bf7b984c57d1df.jpg,2
cba00cad208647ce1fdbc6130d23c180.jpg,1
a1fbec67fd44bdf3e2042c8a49f08036.jpg,2
165ac2bfe5763dee3966945e7a0d0d49.jpg,1
ea13878ade1304002193e52739d95e0f.jpg,0
303591cc38b903cbb1197a6a3825d7ce.jpg,2
e680660bccd195930afcfadeebd5154d.jpg,1
336d4c3d66441e1b7e6f9e6d1235545c.jpg,1
553fed6e8150a7492e13b594141fed24.jpg,1
d063157a00e82d571d30d0408e556c39.jpg,3
69409fca0fd75697f057c4030d0dc3fe.jpg,6
add680224f854f122b8d1b6c61cdf8a5.jpg,6
dc43d32d2abd078c43015c8cbeb5a112.jpg,6
dfb785332849f8803b674f639102a395.jpg,6
755cb527bf83e7be05003a94b49c9fd9.jpg,2
707893f1613a2f824eb64e9063a4d57f.jpg,1
305736af6a6363dbda8078e17f6a3674.jpg,6
bab7c398024c6995bf94bc6d489e7247.jpg,5
f5b335bc8a8bccca5d7d4485fbeffce6.jpg,5
fd6dcb86339f9ba02dff174942fbbb41.jpg,0
b165c061990c60c15a517715f297b8a7.jpg,3
fabd7672eabcb63d031354657072431e.jpg,1
811d3e072692443bfcb1a9b72d3fed04.jpg,3
c2cdafc33d3e5e1a9c6271116de70d96.jpg,5
d6734903239a58ac88db3de6a63f9dde.jpg,1
bd7485166b7dd78797542e0dad85a099.jpg,0
d5a6efe7dd493cbd8b69c2bcd582fd0a.jpg,5
5180c05e0422197e9580286a640ca2fc.jpg,3
81a6df85b048b4700689742e82b9bb49.jpg,1
97c12a1abb449fd3732b9bb8062f38c6.jpg,1
893cd095a586b1cc7475d78f68148036.jpg,3
ca8214da903d1e0f6bf28fac257c886e.jpg,2
f3db1c4267786b56c31f7726f1aad071.jpg,0
eff15f7519fbbf1f95071510e58165e7.jpg,6
b4872774dd88c7c91a5bf396a4a67544.jpg,3
fe2bb73efe02e55b05aae68483991fca.jpg,5
f935552af8f2fbe11ebf5ea5295dc7fa.jpg,2
d0ce0d727ab0af20dc98f1398d9fadd7.jpg,2
ac1b605f2efc0bbd652c8457c1bfdf75.jpg,5
e41da72ab427853d9e3f75fcc9ea2a76.jpg,1
e0c251853170a2be935c2891310c7004.jpg,1
7866774402eebfca9111eb876abc3d4a.jpg,5
dd6f785821b16297fffb82b236ebc41d.jpg,4
5613f2bbbb58974e562bb48dfb9413f3.jpg,3
7919296b10767f3f62c2621aeeda7656.jpg,6
5233f4bfbc37542ad07ebffddc52ca06.jpg,1
e913f8b38587f6ae9e212299d3ac81e6.jpg,1
df522d694250537752bd1ab18fe6abea.jpg,6
62396798a1965f52f453da13f9aa3e93.jpg,5
de7f80954048c06d624376aeadc8b071.jpg,1
ae80ad65172c2f8fd11321202c068f7c.jpg,3
cd531e942722c381fcfdc5af9a87d255.jpg,0
56822fcbd8d50f58da46508ed9d71143.jpg,0
bc241636cc4a758c5613d0ee7a7c5737.jpg,5
85b9eab3a9e0e56176d3167343d04dd2.jpg,3
87917343a7f7daa5fa368de6f319107d.jpg,1
abf4f90c7d5c19ba82de0a853c1564c0.jpg,6
de79052a9ff5ff02bd8487006852dfa8.jpg,1
ae41a29983fa576bf8377260e04727e1.jpg,3
cb3394d872826b6a29325a6e875ea620.jpg,5
c0d7e35b23f1cc52dc602fd9a50bdab6.jpg,1
08299f0592201a5fe2e729a8bc547b44.jpg,3
d2d5335fb48a0c41fd96b46a030c6c59.jpg,1
f9571e078045e9d3009c6311554a45f8.jpg,0
ea2546b18e354c09a68b0c9dc04bba6d.jpg,0
f08310a98dfaa0defff6085c62b75d29.jpg,2
80a24c16cf7434c90324eb5fbda4d141.jpg,1
b4b0d6694b9f6463ef2e2c2c1ff32f00.jpg,0
a42475f36c7123a695d4f14b501e2646.jpg,5
a93c81858827d187cb3f4d550760b22d.jpg,0
206fa777b33b8707d7545a91e4dafca7.jpg,3
b6f2818ce41ba537ec6f098bb62c653b.jpg,3
c5fe63ae58b846d8eb82176b7ab865ea.jpg,5
f18d631f6a37d3e2a8e0d91bea426dfb.jpg,1
02060d6d09d4b45fccccf01921692d63.jpg,0
dec3d9a2b0ba7ad24ad07849a7a060fa.jpg,5
d36f528099808dc61acade9cecd529a6.jpg,3
e1e9560ba95cb4465f5e253ede2b3ae6.jpg,5
568aa6bed1a330e7d0712ac296f49805.jpg,3
e74c589a0f0588848b7a29ea5a06801a.jpg,1
8125bf33722f6b68dc5002599db4ff80.jpg,0
a4d0b727b3f4f8c1e1ed63dde455dcba.jpg,5
b5c0e507ba293b45af612f2503a2e1ed.jpg,0
71887a10482a6a64043a210132a22a0d.jpg,5
08583d3ab0b1dfabce632b2d545b80e0.jpg,2
eba41f3ef7334728d94852e1f1eee5a9.jpg,3
fbcf3d1c87e12b5e0c81cb1bfdbf3afe.jpg,2
58031afcf0239a139937a3f0b8d01522.jpg,2
